sales_id,order_id,order_item_id,customer_id,product_id,time_id,promotion_id,quantity_ordered,unit_price,item_price,paid_price,original_price,wallet_credits,total_discount,gross_revenue,net_revenue,order_status,payment_method,order_created_at,order_updated_at,currency,tracking_code,shop_sku,variation,product_main_sku,order_type
SALE_1030838093101077,1030838093001077,1030838093101077,CUST_C****************s,PROD_1856947959-1748396661641-0,,,1,0.0,0.0,0.0,0.0,0.0,0.0,0.0,0.0,unknown,,,,PHP,,1856947959_PH-30097934851,,,Normal
SALE_1038799954518564,1038799954418564,1038799954518564,CUST_M*************a,PROD_1856947959-1748396661641-0,,,1,0.0,0.0,0.0,0.0,0.0,0.0,0.0,0.0,unknown,GCASH_PP,,,PHP,,1856947959_PH-30097934851,,,Normal
SALE_1038828991276005,1038828991176005,1038828991276005,CUST_B***************n,PROD_3368572353-1738239695642-0,,,1,0.0,0.0,0.0,0.0,0.0,0.0,0.0,0.0,unknown,MIXEDCARD,,,PHP,,3368572353_PH-28661617725,,,Normal
SALE_1038828991376005,1038828991176005,1038828991376005,CUST_B***************n,PROD_4921156480-1738556579317-0,,,1,0.0,0.0,0.0,0.0,0.0,0.0,0.0,0.0,unknown,MIXEDCARD,,,PHP,,4921156480_PH-28672858926,,,Normal
SALE_1030874680864643,1030874680764643,1030874680864643,CUST_A************a,PROD_1856947959-1748396661641-0,,,1,0.0,0.0,0.0,0.0,0.0,0.0,0.0,0.0,unknown,MIXEDCARD,,,PHP,,1856947959_PH-30097934851,,,Normal
SALE_1038904521221565,1038904521121565,1038904521221565,CUST_K******************o,PROD_1856947959-1748396661641-0,,,1,0.0,0.0,0.0,0.0,0.0,0.0,0.0,0.0,unknown,GCASH_PP,,,PHP,,1856947959_PH-30097934851,,,Normal
SALE_1038904521321565,1038904521121565,1038904521321565,CUST_K******************o,PROD_1856947959-1748396661641-0,,,1,0.0,0.0,0.0,0.0,0.0,0.0,0.0,0.0,unknown,GCASH_PP,,,PHP,,1856947959_PH-30097934851,,,Normal
SALE_1038904521421565,1038904521121565,1038904521421565,CUST_K******************o,PROD_1856947959-1748396661641-0,,,1,0.0,0.0,0.0,0.0,0.0,0.0,0.0,0.0,unknown,GCASH_PP,,,PHP,,1856947959_PH-30097934851,,,Normal
SALE_1038904521521565,1038904521121565,1038904521521565,CUST_K******************o,PROD_1856947959-1748396661641-0,,,1,0.0,0.0,0.0,0.0,0.0,0.0,0.0,0.0,unknown,GCASH_PP,,,PHP,,1856947959_PH-30097934851,,,Normal
SALE_1038904521621565,1038904521121565,1038904521621565,CUST_K******************o,PROD_1856947959-1748396661641-0,,,1,0.0,0.0,0.0,0.0,0.0,0.0,0.0,0.0,unknown,GCASH_PP,,,PHP,,1856947959_PH-30097934851,,,Normal
SALE_1030980894543033,1030980894443033,1030980894543033,CUST_R*******z,PROD_1856947959-1748396661641-0,,,1,0.0,0.0,0.0,0.0,0.0,0.0,0.0,0.0,unknown,MIXEDCARD,,,PHP,,1856947959_PH-30097934851,,,Normal
SALE_1030980894643033,1030980894443033,1030980894643033,CUST_R*******z,PROD_1856947959-1748396661641-0,,,1,0.0,0.0,0.0,0.0,0.0,0.0,0.0,0.0,unknown,MIXEDCARD,,,PHP,,1856947959_PH-30097934851,,,Normal
SALE_1039030343624161,1039030343524161,1039030343624161,CUST_M***************n,PROD_1856947959-1748396661641-0,,,1,0.0,0.0,0.0,0.0,0.0,0.0,0.0,0.0,unknown,COD,,,PHP,,1856947959_PH-30097934851,,,Normal
SALE_1039067122302602,1039067122202602,1039067122302602,CUST_L**************a,PROD_1856947959-1748396661641-0,,,1,0.0,0.0,0.0,0.0,0.0,0.0,0.0,0.0,unknown,PAY_LATER,,,PHP,,1856947959_PH-30097934851,,,Normal
SALE_1031304230272837,1031304230172837,1031304230272837,CUST_M************o,PROD_4896157465-1736809929399-0,,,1,0.0,0.0,0.0,0.0,0.0,0.0,0.0,0.0,unknown,COD,,,PHP,,4896157465_PH-28517434716,Scent:Shangrila,,Normal
SALE_1039419171462408,1039419171362408,1039419171462408,CUST_R***************o,PROD_3583313195-1676440088441-0,,,1,0.0,0.0,0.0,0.0,0.0,0.0,0.0,0.0,unknown,COD,,,PHP,,3583313195_PH-18525646548,,,Normal
SALE_1039436712498999,1039436712398999,1039436712498999,CUST_C******************s,PROD_4337079607-1707399140728-0,,,1,0.0,0.0,0.0,0.0,0.0,0.0,0.0,0.0,unknown,GCASH_PP,,,PHP,,4337079607_PH-24334600882,Scent:Shangrila,,Normal
SALE_1031526665970546,1031526665870546,1031526665970546,CUST_F************o,PROD_1856947959-1748396661641-0,,,1,0.0,0.0,0.0,0.0,0.0,0.0,0.0,0.0,unknown,GCASH_PP,,,PHP,,1856947959_PH-30097934851,,,Normal
SALE_1031547422321552,1031547422221552,1031547422321552,CUST_J******************e,PROD_LAV,,,1,0.0,0.0,0.0,0.0,0.0,0.0,0.0,0.0,unknown,GCASH_PP,,,PHP,,3464151195_PH-17808092447,,,Normal
SALE_1031562676326147,1031562676226147,1031562676326147,CUST_J**************s,PROD_1856947959-1748396661641-0,,,1,0.0,0.0,0.0,0.0,0.0,0.0,0.0,0.0,unknown,COD,,,PHP,,1856947959_PH-30097934851,,,Normal
SALE_1039814154040749,1039814153940749,1039814154040749,CUST_C*************o,PROD_1856947959-1748396661641-0,,,1,0.0,0.0,0.0,0.0,0.0,0.0,0.0,0.0,unknown,MIXEDCARD,,,PHP,,1856947959_PH-30097934851,,,Normal
SALE_1031865859747890,1031865859647890,1031865859747890,CUST_J************a,PROD_1856947959-1748396661641-0,,,1,0.0,0.0,0.0,0.0,0.0,0.0,0.0,0.0,unknown,GCASH_PP,,,PHP,,1856947959_PH-30097934851,,,Normal
SALE_1039844965145571,1039844965045571,1039844965145571,CUST_S****************y,PROD_1856947959-1748396661641-0,,,1,0.0,0.0,0.0,0.0,0.0,0.0,0.0,0.0,unknown,COD,,,PHP,,1856947959_PH-30097934851,,,Normal
SALE_1039844965245571,1039844965045571,1039844965245571,CUST_S****************y,PROD_1856947959-1748396661641-0,,,1,0.0,0.0,0.0,0.0,0.0,0.0,0.0,0.0,unknown,COD,,,PHP,,1856947959_PH-30097934851,,,Normal
SALE_1039894338493219,1039894338393219,1039894338493219,CUST_A*****************s,PROD_3368572353-1738239695642-0,,,1,0.0,0.0,0.0,0.0,0.0,0.0,0.0,0.0,unknown,PAY_LATER,,,PHP,,3368572353_PH-28661617725,,,Normal
SALE_1039914350556970,1039914350456970,1039914350556970,CUST_J******************i,PROD_1856947959-1748396661641-0,,,1,0.0,0.0,0.0,0.0,0.0,0.0,0.0,0.0,unknown,GCASH_PP,,,PHP,,1856947959_PH-30097934851,,,Normal
SALE_1031975060744608,1031975060644608,1031975060744608,CUST_J*************e,PROD_1856947959-1748396661641-0,,,1,0.0,0.0,0.0,0.0,0.0,0.0,0.0,0.0,unknown,COD,,,PHP,,1856947959_PH-30097934851,,,Normal
SALE_1040043115982979,1040043115882979,1040043115982979,CUST_J*************o,PROD_1856947959-1748396661641-0,,,1,0.0,0.0,0.0,0.0,0.0,0.0,0.0,0.0,unknown,COD,,,PHP,,1856947959_PH-30097934851,,,Normal
SALE_1040043116082979,1040043115882979,1040043116082979,CUST_J*************o,PROD_1856947959-1748396661641-0,,,1,0.0,0.0,0.0,0.0,0.0,0.0,0.0,0.0,unknown,COD,,,PHP,,1856947959_PH-30097934851,,,Normal
SALE_1040089510647000,1040089510547000,1040089510647000,CUST_J**********s,PROD_1857030628-1617524196393-0,,,1,0.0,0.0,0.0,0.0,0.0,0.0,0.0,0.0,unknown,COD,,,PHP,,1857030628_PH-7870989083,,,Normal
SALE_1040086561147000,1040086561047000,1040086561147000,CUST_J**********s,PROD_1857030628-1617524196393-0,,,1,0.0,0.0,0.0,0.0,0.0,0.0,0.0,0.0,unknown,MIXEDCARD,,,PHP,,1857030628_PH-7870989083,,,Normal
SALE_1032119055300466,1032119055200466,1032119055300466,CUST_A***********E,PROD_4726844228-1729943500336-0,,,1,0.0,0.0,0.0,0.0,0.0,0.0,0.0,0.0,unknown,GCASH_PP,,,PHP,,4726844228_PH-27339128266,Color family:Brown,,Normal
SALE_1032119055400466,1032119055200466,1032119055400466,CUST_A***********E,PROD_4726844228-1729943500336-0,,,1,0.0,0.0,0.0,0.0,0.0,0.0,0.0,0.0,unknown,GCASH_PP,,,PHP,,4726844228_PH-27339128266,Color family:Brown,,Normal
SALE_1032119055500466,1032119055200466,1032119055500466,CUST_A***********E,PROD_4726844228-1729943500336-0,,,1,0.0,0.0,0.0,0.0,0.0,0.0,0.0,0.0,unknown,GCASH_PP,,,PHP,,4726844228_PH-27339128266,Color family:Brown,,Normal
SALE_1032119055600466,1032119055200466,1032119055600466,CUST_A***********E,PROD_4726844228-1729943500336-0,,,1,0.0,0.0,0.0,0.0,0.0,0.0,0.0,0.0,unknown,GCASH_PP,,,PHP,,4726844228_PH-27339128266,Color family:Brown,,Normal
SALE_1032119055700466,1032119055200466,1032119055700466,CUST_A***********E,PROD_4726844228-1729943500336-0,,,1,0.0,0.0,0.0,0.0,0.0,0.0,0.0,0.0,unknown,GCASH_PP,,,PHP,,4726844228_PH-27339128266,Color family:Brown,,Normal
SALE_1032208604961576,1032208604861576,1032208604961576,CUST_R*********t,PROD_1856947959-1748396661641-0,,,1,0.0,0.0,0.0,0.0,0.0,0.0,0.0,0.0,unknown,PAY_LATER,,,PHP,,1856947959_PH-30097934851,,,Normal
SALE_1040199170587760,1040199170487760,1040199170587760,CUST_C************i,PROD_WT,,,1,0.0,0.0,0.0,0.0,0.0,0.0,0.0,0.0,unknown,MIXEDCARD,,,PHP,,4435102730_PH-25090520619,,,Normal
SALE_1032335435288455,1032335435188455,1032335435288455,CUST_C*********************o,PROD_1856947959-1748396661641-0,,,1,0.0,0.0,0.0,0.0,0.0,0.0,0.0,0.0,unknown,GCASH_PP,,,PHP,,1856947959_PH-30097934851,,,Normal
SALE_1032469007852328,1032469007752328,1032469007852328,CUST_K**********e,PROD_1856947959-1748396661641-0,,,1,0.0,0.0,0.0,0.0,0.0,0.0,0.0,0.0,unknown,PAY_LATER,,,PHP,,1856947959_PH-30097934851,,,Normal
SALE_1032664018806874,1032664018706874,1032664018806874,CUST_J*************s,PROD_3368572353-1738239695642-0,,,1,0.0,0.0,0.0,0.0,0.0,0.0,0.0,0.0,unknown,COD,,,PHP,,3368572353_PH-28661617725,,,Normal
SALE_1032916804611789,1032916804511789,1032916804611789,CUST_A************s,PROD_1856947959-1748396661641-0,,,1,0.0,0.0,0.0,0.0,0.0,0.0,0.0,0.0,unknown,GCASH_PP,,,PHP,,1856947959_PH-30097934851,,,Normal
SALE_1040942519589267,1040942519489267,1040942519589267,CUST_P*****************s,PROD_1856986844-1617524415466-0,,,1,0.0,0.0,0.0,0.0,0.0,0.0,0.0,0.0,unknown,GCASH_PP,,,PHP,,1856986844_PH-7871040075,"Volume (ml):1000, Scent:marriott",,Normal
SALE_1040942519689267,1040942519489267,1040942519689267,CUST_P*****************s,PROD_4726844228-1729943500336-0,,,1,0.0,0.0,0.0,0.0,0.0,0.0,0.0,0.0,unknown,GCASH_PP,,,PHP,,4726844228_PH-27339128266,Color family:Brown,,Normal
SALE_1032936427536422,1032936427436422,1032936427536422,CUST_G****x,PROD_1856947959-1748396661641-0,,,1,0.0,0.0,0.0,0.0,0.0,0.0,0.0,0.0,unknown,COD,,,PHP,,1856947959_PH-30097934851,,,Normal
SALE_1040996335211700,1040996335111700,1040996335211700,CUST_J*******************n,PROD_3727967121-1681442263070-6,,,1,0.0,0.0,0.0,0.0,0.0,0.0,0.0,0.0,unknown,PAY_LATER,,,PHP,,3727967121_PH-19653362639,"Variation3:Green Tea, Variation1:50mL",,Normal
SALE_1040996335311700,1040996335111700,1040996335311700,CUST_J*******************n,PROD_4726844228-1729943500336-1,,,1,0.0,0.0,0.0,0.0,0.0,0.0,0.0,0.0,unknown,PAY_LATER,,,PHP,,4726844228_PH-27339128267,Color family:Black,,Normal
SALE_1040996335411700,1040996335111700,1040996335411700,CUST_J*******************n,PROD_1856947959-1748396661641-0,,,1,0.0,0.0,0.0,0.0,0.0,0.0,0.0,0.0,unknown,PAY_LATER,,,PHP,,1856947959_PH-30097934851,,,Normal
SALE_1041005527963596,1041005527863596,1041005527963596,CUST_C**************n,PROD_1856947959-1748396661641-0,,,1,0.0,0.0,0.0,0.0,0.0,0.0,0.0,0.0,unknown,COD,,,PHP,,1856947959_PH-30097934851,,,Normal
SALE_1041016747672241,1041016747572241,1041016747672241,CUST_J*********s,PROD_3368572353-1738239695642-0,,,1,0.0,0.0,0.0,0.0,0.0,0.0,0.0,0.0,unknown,MIXEDCARD,,,PHP,,3368572353_PH-28661617725,,,Normal
SALE_1033011644751170,1033011644651170,1033011644751170,CUST_S******************e,PROD_1856947959-1748396661641-0,,,1,0.0,0.0,0.0,0.0,0.0,0.0,0.0,0.0,unknown,PAY_LATER,,,PHP,,1856947959_PH-30097934851,,,Normal
SALE_1041036577873935,1041036577773935,1041036577873935,CUST_J*********O,PROD_1856986844-1617524415466-0,,,1,0.0,0.0,0.0,0.0,0.0,0.0,0.0,0.0,unknown,PAY_LATER,,,PHP,,1856986844_PH-7871040075,"Volume (ml):1000, Scent:marriott",,Normal
SALE_1033076438857128,1033076438757128,1033076438857128,CUST_M*********************o,PROD_1856947959-1748396661641-0,,,1,0.0,0.0,0.0,0.0,0.0,0.0,0.0,0.0,unknown,COD,,,PHP,,1856947959_PH-30097934851,,,Normal
SALE_1033076438957128,1033076438757128,1033076438957128,CUST_M*********************o,PROD_1856947959-1748396661641-0,,,1,0.0,0.0,0.0,0.0,0.0,0.0,0.0,0.0,unknown,COD,,,PHP,,1856947959_PH-30097934851,,,Normal
SALE_1033076439057128,1033076438757128,1033076439057128,CUST_M*********************o,PROD_1856947959-1748396661641-0,,,1,0.0,0.0,0.0,0.0,0.0,0.0,0.0,0.0,unknown,COD,,,PHP,,1856947959_PH-30097934851,,,Normal
SALE_1033076439157128,1033076438757128,1033076439157128,CUST_M*********************o,PROD_1856947959-1748396661641-0,,,1,0.0,0.0,0.0,0.0,0.0,0.0,0.0,0.0,unknown,COD,,,PHP,,1856947959_PH-30097934851,,,Normal
SALE_1033076439257128,1033076438757128,1033076439257128,CUST_M*********************o,PROD_1856947959-1748396661641-0,,,1,0.0,0.0,0.0,0.0,0.0,0.0,0.0,0.0,unknown,COD,,,PHP,,1856947959_PH-30097934851,,,Normal
SALE_1033076439357128,1033076438757128,1033076439357128,CUST_M*********************o,PROD_1856947959-1748396661641-0,,,1,0.0,0.0,0.0,0.0,0.0,0.0,0.0,0.0,unknown,COD,,,PHP,,1856947959_PH-30097934851,,,Normal
SALE_1033076439457128,1033076438757128,1033076439457128,CUST_M*********************o,PROD_1856947959-1748396661641-0,,,1,0.0,0.0,0.0,0.0,0.0,0.0,0.0,0.0,unknown,COD,,,PHP,,1856947959_PH-30097934851,,,Normal
SALE_1033076439557128,1033076438757128,1033076439557128,CUST_M*********************o,PROD_1856947959-1748396661641-0,,,1,0.0,0.0,0.0,0.0,0.0,0.0,0.0,0.0,unknown,COD,,,PHP,,1856947959_PH-30097934851,,,Normal
SALE_1041117774565177,1041117774465177,1041117774565177,CUST_D**********e,PROD_1856947959-1748396661641-0,,,1,0.0,0.0,0.0,0.0,0.0,0.0,0.0,0.0,unknown,MIXEDCARD,,,PHP,,1856947959_PH-30097934851,,,Normal
SALE_1033130422512238,1033130422412238,1033130422512238,CUST_D**********a,PROD_1856947959-1748396661641-0,,,1,0.0,0.0,0.0,0.0,0.0,0.0,0.0,0.0,unknown,COD,,,PHP,,1856947959_PH-30097934851,,,Normal
SALE_1041156749726522,1041156749626522,1041156749726522,CUST_M*************o,PROD_1856947959-1748396661641-0,,,1,0.0,0.0,0.0,0.0,0.0,0.0,0.0,0.0,unknown,GCASH_PP,,,PHP,,1856947959_PH-30097934851,,,Normal
SALE_1041179313213876,1041179313113876,1041179313213876,CUST_M****************s,PROD_1856947959-1748396661641-0,,,1,0.0,0.0,0.0,0.0,0.0,0.0,0.0,0.0,unknown,COD,,,PHP,,1856947959_PH-30097934851,,,Normal
SALE_1041186383774977,1041186383674977,1041186383774977,CUST_J**********************a,PROD_1856947959-1748396661641-0,,,1,0.0,0.0,0.0,0.0,0.0,0.0,0.0,0.0,unknown,GCASH_PP,,,PHP,,1856947959_PH-30097934851,,,Normal
SALE_1041192169461255,1041192169361255,1041192169461255,CUST_j****************n,PROD_1856947959-1748396661641-0,,,1,0.0,0.0,0.0,0.0,0.0,0.0,0.0,0.0,unknown,MIXEDCARD,,,PHP,,1856947959_PH-30097934851,,,Normal
SALE_1033219428409752,1033219428309752,1033219428409752,CUST_E***************n,PROD_1856947959-1748396661641-0,,,1,0.0,0.0,0.0,0.0,0.0,0.0,0.0,0.0,unknown,COD,,,PHP,,1856947959_PH-30097934851,,,Normal
SALE_1033218862399156,1033218862299156,1033218862399156,CUST_R***********z,PROD_1856947959-1748396661641-0,,,1,0.0,0.0,0.0,0.0,0.0,0.0,0.0,0.0,unknown,COD,,,PHP,,1856947959_PH-30097934851,,,Normal
SALE_1033229854251638,1033229854151638,1033229854251638,CUST_A****************s,PROD_3368572353-1738239695642-0,,,1,0.0,0.0,0.0,0.0,0.0,0.0,0.0,0.0,unknown,PAYMENT_ACCOUNT,,,PHP,,3368572353_PH-28661617725,,,Normal
SALE_1033229854351638,1033229854151638,1033229854351638,CUST_A****************s,PROD_3368572353-1738239695642-0,,,1,0.0,0.0,0.0,0.0,0.0,0.0,0.0,0.0,unknown,PAYMENT_ACCOUNT,,,PHP,,3368572353_PH-28661617725,,,Normal
SALE_1033249268494207,1033249268394207,1033249268494207,CUST_C************e,PROD_1856947959-1748396661641-0,,,1,0.0,0.0,0.0,0.0,0.0,0.0,0.0,0.0,unknown,MIXEDCARD,,,PHP,,1856947959_PH-30097934851,,,Normal
SALE_1033305274691371,1033305274591371,1033305274691371,CUST_M**************n,PROD_LAV,,,1,0.0,0.0,0.0,0.0,0.0,0.0,0.0,0.0,unknown,GCASH_PP,,,PHP,,3464151195_PH-17808092447,,,Normal
SALE_1041329336059903,1041329335959903,1041329336059903,CUST_A*************r,PROD_1856947959-1748396661641-0,,,1,0.0,0.0,0.0,0.0,0.0,0.0,0.0,0.0,unknown,COD,,,PHP,,1856947959_PH-30097934851,,,Normal
SALE_1033339622239318,1033339622139318,1033339622239318,CUST_M***********c,PROD_3368572353-1738239695642-0,,,1,0.0,0.0,0.0,0.0,0.0,0.0,0.0,0.0,unknown,GCASH_PP,,,PHP,,3368572353_PH-28661617725,,,Normal
SALE_1033339622339318,1033339622139318,1033339622339318,CUST_M***********c,PROD_1856947959-1748396661641-0,,,1,0.0,0.0,0.0,0.0,0.0,0.0,0.0,0.0,unknown,GCASH_PP,,,PHP,,1856947959_PH-30097934851,,,Normal
SALE_1033415627473094,1033415627373094,1033415627473094,CUST_R*********z,PROD_1856947959-1748396661641-0,,,1,0.0,0.0,0.0,0.0,0.0,0.0,0.0,0.0,unknown,GCASH_PP,,,PHP,,1856947959_PH-30097934851,,,Normal
SALE_1041442765804140,1041442765704140,1041442765804140,CUST_C***********n,PROD_1856947959-1748396661641-0,,,1,0.0,0.0,0.0,0.0,0.0,0.0,0.0,0.0,unknown,GCASH_PP,,,PHP,,1856947959_PH-30097934851,,,Normal
SALE_1041462973708312,1041462973608312,1041462973708312,CUST_C************g,PROD_3727967121-1681442263070-10,,,1,0.0,0.0,0.0,0.0,0.0,0.0,0.0,0.0,unknown,MIXEDCARD,,,PHP,,3727967121_PH-19653362643,"Variation3:Fresh Bamboo, Variation1:50mL",,Normal
SALE_1041462973808312,1041462973608312,1041462973808312,CUST_C************g,PROD_3727967121-1681442263070-4,,,1,0.0,0.0,0.0,0.0,0.0,0.0,0.0,0.0,unknown,MIXEDCARD,,,PHP,,3727967121_PH-19653362637,"Variation3:Solaire, Variation1:50mL",,Normal
SALE_1041462973908312,1041462973608312,1041462973908312,CUST_C************g,PROD_4726844228-1729943500336-1,,,1,0.0,0.0,0.0,0.0,0.0,0.0,0.0,0.0,unknown,MIXEDCARD,,,PHP,,4726844228_PH-27339128267,Color family:Black,,Normal
SALE_1033515229623309,1033515229523309,1033515229623309,CUST_M*************O,PROD_4337079607-1707399140728-0,,,1,0.0,0.0,0.0,0.0,0.0,0.0,0.0,0.0,unknown,MIXEDCARD,,,PHP,,4337079607_PH-24334600882,Scent:Shangrila,,Normal
SALE_1033553407899368,1033553407799368,1033553407899368,CUST_P*****************n,PROD_1856947959-1748396661641-0,,,1,0.0,0.0,0.0,0.0,0.0,0.0,0.0,0.0,unknown,MIXEDCARD,,,PHP,,1856947959_PH-30097934851,,,Normal
SALE_1033553435636793,1033553435536793,1033553435636793,CUST_P*********************c,PROD_1856986844-1617524415466-0,,,1,0.0,0.0,0.0,0.0,0.0,0.0,0.0,0.0,unknown,COD,,,PHP,,1856986844_PH-7871040075,"Volume (ml):1000, Scent:marriott",,Normal
SALE_1033587007682180,1033587007582180,1033587007682180,CUST_J************r,PROD_LAV,,,1,0.0,0.0,0.0,0.0,0.0,0.0,0.0,0.0,unknown,COD,,,PHP,,3464151195_PH-17808092447,,,Normal
SALE_1033615016445421,1033615016345421,1033615016445421,CUST_J***************a,PROD_1856947959-1748396661641-0,,,1,0.0,0.0,0.0,0.0,0.0,0.0,0.0,0.0,unknown,MIXEDCARD,,,PHP,,1856947959_PH-30097934851,,,Normal
SALE_1033668620087976,1033668619987976,1033668620087976,CUST_b****************n,PROD_1856947959-1748396661641-0,,,1,0.0,0.0,0.0,0.0,0.0,0.0,0.0,0.0,unknown,COD,,,PHP,,1856947959_PH-30097934851,,,Normal
SALE_1033679806199998,1033679806099998,1033679806199998,CUST_M**********************n,PROD_1856947959-1748396661641-0,,,1,0.0,0.0,0.0,0.0,0.0,0.0,0.0,0.0,unknown,MIXEDCARD,,,PHP,,1856947959_PH-30097934851,,,Normal
SALE_1041749302015029,1041749301915029,1041749302015029,CUST_S***********o,PROD_1857030628-1617524196393-0,,,1,0.0,0.0,0.0,0.0,0.0,0.0,0.0,0.0,unknown,MIXEDCARD,,,PHP,,1857030628_PH-7870989083,,,Normal
SALE_1041749302115029,1041749301915029,1041749302115029,CUST_S***********o,PROD_1857030628-1617524196393-0,,,1,0.0,0.0,0.0,0.0,0.0,0.0,0.0,0.0,unknown,MIXEDCARD,,,PHP,,1857030628_PH-7870989083,,,Normal
SALE_1033818844554542,1033818844454542,1033818844554542,CUST_E*******************t,PROD_1856947959-1748396661641-0,,,1,0.0,0.0,0.0,0.0,0.0,0.0,0.0,0.0,unknown,MIXEDCARD,,,PHP,,1856947959_PH-30097934851,,,Normal
SALE_1041979528594051,1041979528494051,1041979528594051,CUST_A**************************z,PROD_LAV,,,1,0.0,0.0,0.0,0.0,0.0,0.0,0.0,0.0,unknown,GCASH_PP,,,PHP,,3464151195_PH-17808092447,,,Normal
SALE_1041979528694051,1041979528494051,1041979528694051,CUST_A**************************z,PROD_LAV,,,1,0.0,0.0,0.0,0.0,0.0,0.0,0.0,0.0,unknown,GCASH_PP,,,PHP,,3464151195_PH-17808092447,,,Normal
SALE_1041991979516944,1041991979416944,1041991979516944,CUST_M**********************o,PROD_3730272243-1681483587441-0,,,1,0.0,0.0,0.0,0.0,0.0,0.0,0.0,0.0,unknown,COD,,,PHP,,3730272243_PH-19667622955,Variation3:Shangrila,,Normal
SALE_1041991979616944,1041991979416944,1041991979616944,CUST_M**********************o,PROD_3730272243-1681483587441-7,,,1,0.0,0.0,0.0,0.0,0.0,0.0,0.0,0.0,unknown,COD,,,PHP,,3730272243_PH-19667622962,Variation3:Marine Squash,,Normal
SALE_1041991979716944,1041991979416944,1041991979716944,CUST_M**********************o,PROD_3730272243-1681483587441-1,,,1,0.0,0.0,0.0,0.0,0.0,0.0,0.0,0.0,unknown,COD,,,PHP,,3730272243_PH-19667622956,Variation3:Fresh Bamboo,,Normal
SALE_1042000915116944,1042000915016944,1042000915116944,CUST_M**********************o,PROD_3730272243-1681483587441-7,,,1,0.0,0.0,0.0,0.0,0.0,0.0,0.0,0.0,unknown,COD,,,PHP,,3730272243_PH-19667622962,Variation3:Marine Squash,,Normal
SALE_1042000915216944,1042000915016944,1042000915216944,CUST_M**********************o,PROD_3730272243-1681483587441-1,,,1,0.0,0.0,0.0,0.0,0.0,0.0,0.0,0.0,unknown,COD,,,PHP,,3730272243_PH-19667622956,Variation3:Fresh Bamboo,,Normal
SALE_1042000915316944,1042000915016944,1042000915316944,CUST_M**********************o,PROD_3730272243-1681483587441-0,,,1,0.0,0.0,0.0,0.0,0.0,0.0,0.0,0.0,unknown,COD,,,PHP,,3730272243_PH-19667622955,Variation3:Shangrila,,Normal
SALE_1033974809772551,1033974809672551,1033974809772551,CUST_L*************e,PROD_5175120341-1752677181110-0,,,1,0.0,0.0,0.0,0.0,0.0,0.0,0.0,0.0,unknown,GCASH_PP,,,PHP,,5175120341_PH-30683243468,,,Normal
SALE_1033974809872551,1033974809672551,1033974809872551,CUST_L*************e,PROD_P,,,1,0.0,0.0,0.0,0.0,0.0,0.0,0.0,0.0,unknown,GCASH_PP,,,PHP,,3884388412_PH-20793032962,,,Normal
SALE_1033974809972551,1033974809672551,1033974809972551,CUST_L*************e,PROD_1856947959-1748396661641-0,,,1,0.0,0.0,0.0,0.0,0.0,0.0,0.0,0.0,unknown,GCASH_PP,,,PHP,,1856947959_PH-30097934851,,,Normal
SALE_1042018704711343,1042018704611343,1042018704711343,CUST_A**************A,PROD_P,,,1,0.0,0.0,0.0,0.0,0.0,0.0,0.0,0.0,unknown,MIXEDCARD,,,PHP,,3884388412_PH-20793032962,,,Normal
SALE_1034001657618013,1034001657518013,1034001657618013,CUST_J******a,PROD_3368572353-1738239695642-0,,,1,0.0,0.0,0.0,0.0,0.0,0.0,0.0,0.0,unknown,MIXEDCARD,,,PHP,,3368572353_PH-28661617725,,,Normal
SALE_1034051433051359,1034051432951359,1034051433051359,CUST_E***********z,PROD_1856947959-1748396661641-0,,,1,0.0,0.0,0.0,0.0,0.0,0.0,0.0,0.0,unknown,COD,,,PHP,,1856947959_PH-30097934851,,,Normal
SALE_1042087124269816,1042087124169816,1042087124269816,CUST_M***********************a,PROD_1856947959-1748396661641-0,,,1,0.0,0.0,0.0,0.0,0.0,0.0,0.0,0.0,unknown,PAYMENT_ACCOUNT,,,PHP,,1856947959_PH-30097934851,,,Normal
SALE_1034055892860491,1034055892760491,1034055892860491,CUST_S**********a,PROD_1857030628-1617524196393-0,,,1,0.0,0.0,0.0,0.0,0.0,0.0,0.0,0.0,unknown,COD,,,PHP,,1857030628_PH-7870989083,,,Normal
SALE_1042121121508017,1042121121408017,1042121121508017,CUST_L*************a,PROD_3368572353-1738239695642-0,,,1,0.0,0.0,0.0,0.0,0.0,0.0,0.0,0.0,unknown,MIXEDCARD,,,PHP,,3368572353_PH-28661617725,,,Normal
SALE_1042121121608017,1042121121408017,1042121121608017,CUST_L*************a,PROD_3368572353-1738239695642-0,,,1,0.0,0.0,0.0,0.0,0.0,0.0,0.0,0.0,unknown,MIXEDCARD,,,PHP,,3368572353_PH-28661617725,,,Normal
SALE_1034112039246168,1034112039146168,1034112039246168,CUST_J*********************o,PROD_1856947959-1748396661641-0,,,1,0.0,0.0,0.0,0.0,0.0,0.0,0.0,0.0,unknown,MIXEDCARD,,,PHP,,1856947959_PH-30097934851,,,Normal
SALE_1034112039346168,1034112039146168,1034112039346168,CUST_J*********************o,PROD_3730272243-1681483587441-0,,,1,0.0,0.0,0.0,0.0,0.0,0.0,0.0,0.0,unknown,MIXEDCARD,,,PHP,,3730272243_PH-19667622955,Variation3:Shangrila,,Normal
SALE_1042168546641840,1042168546541840,1042168546641840,CUST_A***********************s,PROD_3368572353-1738239695642-0,,,1,0.0,0.0,0.0,0.0,0.0,0.0,0.0,0.0,unknown,GCASH_PP,,,PHP,,3368572353_PH-28661617725,,,Normal
SALE_1034162660457694,1034162660357694,1034162660457694,CUST_L*************a,PROD_1856947959-1748396661641-0,,,1,0.0,0.0,0.0,0.0,0.0,0.0,0.0,0.0,unknown,GCASH_PP,,,PHP,,1856947959_PH-30097934851,,,Normal
SALE_1034162660557694,1034162660357694,1034162660557694,CUST_L*************a,PROD_1856947959-1748396661641-0,,,1,0.0,0.0,0.0,0.0,0.0,0.0,0.0,0.0,unknown,GCASH_PP,,,PHP,,1856947959_PH-30097934851,,,Normal
SALE_1034196057322248,1034196057222248,1034196057322248,CUST_V*********t,PROD_3730272243-1681483587441-0,,,1,0.0,0.0,0.0,0.0,0.0,0.0,0.0,0.0,unknown,PAYMENT_ACCOUNT,,,PHP,,3730272243_PH-19667622955,Variation3:Shangrila,,Normal
SALE_1034196057422248,1034196057222248,1034196057422248,CUST_V*********t,PROD_3730272243-1681483587441-0,,,1,0.0,0.0,0.0,0.0,0.0,0.0,0.0,0.0,unknown,PAYMENT_ACCOUNT,,,PHP,,3730272243_PH-19667622955,Variation3:Shangrila,,Normal
SALE_1042294504456972,1042294504356972,1042294504456972,CUST_C***********s,PROD_4726844228-1729943500336-0,,,1,0.0,0.0,0.0,0.0,0.0,0.0,0.0,0.0,unknown,COD,,,PHP,,4726844228_PH-27339128266,Color family:Brown,,Normal
SALE_1042294504556972,1042294504356972,1042294504556972,CUST_C***********s,PROD_4726844228-1729943500336-0,,,1,0.0,0.0,0.0,0.0,0.0,0.0,0.0,0.0,unknown,COD,,,PHP,,4726844228_PH-27339128266,Color family:Brown,,Normal
SALE_1034357873966725,1034357873866725,1034357873966725,CUST_a*************l,PROD_1856947959-1748396661641-0,,,1,0.0,0.0,0.0,0.0,0.0,0.0,0.0,0.0,unknown,PAY_LATER,,,PHP,,1856947959_PH-30097934851,,,Normal
SALE_1042442755782065,1042442755682065,1042442755782065,CUST_C***************n,PROD_1856947959-1748396661641-0,,,1,0.0,0.0,0.0,0.0,0.0,0.0,0.0,0.0,unknown,GCASH_PP,,,PHP,,1856947959_PH-30097934851,,,Normal
SALE_1034449669426852,1034449669326852,1034449669426852,CUST_J***********a,PROD_4896157465-1736809929400-4,,,1,0.0,0.0,0.0,0.0,0.0,0.0,0.0,0.0,unknown,GCASH_PP,,,PHP,,4896157465_PH-28517434720,Scent:Solaire,,Normal
SALE_1034449669526852,1034449669326852,1034449669526852,CUST_J***********a,PROD_4896157465-1736809929399-1,,,1,0.0,0.0,0.0,0.0,0.0,0.0,0.0,0.0,unknown,GCASH_PP,,,PHP,,4896157465_PH-28517434717,Scent:Okada,,Normal
SALE_1034449669626852,1034449669326852,1034449669626852,CUST_J***********a,PROD_4896157465-1747799557908-9,,,1,0.0,0.0,0.0,0.0,0.0,0.0,0.0,0.0,unknown,GCASH_PP,,,PHP,,4896157465_PH-30052318342,Scent:Conrad,,Normal
SALE_1034458469617774,1034458469517774,1034458469617774,CUST_A**********z,PROD_1856947959-1748396661641-0,,,1,0.0,0.0,0.0,0.0,0.0,0.0,0.0,0.0,unknown,GCASH_PP,,,PHP,,1856947959_PH-30097934851,,,Normal
SALE_1042482380458325,1042482380358325,1042482380458325,CUST_C****************a,PROD_1856947959-1748396661641-0,,,1,0.0,0.0,0.0,0.0,0.0,0.0,0.0,0.0,unknown,GCASH_PP,,,PHP,,1856947959_PH-30097934851,,,Normal
SALE_1042587308201077,1042587308101077,1042587308201077,CUST_C****************s,PROD_1856947959-1748396661641-0,,,1,0.0,0.0,0.0,0.0,0.0,0.0,0.0,0.0,unknown,WALLET_PAYMAYA2C2P,,,PHP,,1856947959_PH-30097934851,,,Normal
SALE_1034586883305451,1034586883205451,1034586883305451,CUST_C**********n,PROD_1856947959-1748396661641-0,,,1,0.0,0.0,0.0,0.0,0.0,0.0,0.0,0.0,unknown,COD,,,PHP,,1856947959_PH-30097934851,,,Normal
SALE_1042670719391439,1042670719291439,1042670719391439,CUST_R*********e,PROD_1856947959-1748396661641-0,,,1,0.0,0.0,0.0,0.0,0.0,0.0,0.0,0.0,unknown,GCASH_PP,,,PHP,,1856947959_PH-30097934851,,,Normal
SALE_1034638277173263,1034638277073263,1034638277173263,CUST_R*****************s,PROD_1856947959-1748396661641-0,,,1,0.0,0.0,0.0,0.0,0.0,0.0,0.0,0.0,unknown,COD,,,PHP,,1856947959_PH-30097934851,,,Normal
SALE_1034638277273263,1034638277073263,1034638277273263,CUST_R*****************s,PROD_1856947959-1748396661641-0,,,1,0.0,0.0,0.0,0.0,0.0,0.0,0.0,0.0,unknown,COD,,,PHP,,1856947959_PH-30097934851,,,Normal
SALE_1034638277373263,1034638277073263,1034638277373263,CUST_R*****************s,PROD_1856947959-1748396661641-0,,,1,0.0,0.0,0.0,0.0,0.0,0.0,0.0,0.0,unknown,COD,,,PHP,,1856947959_PH-30097934851,,,Normal
SALE_1042671386173263,1042671386073263,1042671386173263,CUST_R*****************s,PROD_1856947959-1748396661641-0,,,1,0.0,0.0,0.0,0.0,0.0,0.0,0.0,0.0,unknown,COD,,,PHP,,1856947959_PH-30097934851,,,Normal
SALE_1042671386273263,1042671386073263,1042671386273263,CUST_R*****************s,PROD_1856947959-1748396661641-0,,,1,0.0,0.0,0.0,0.0,0.0,0.0,0.0,0.0,unknown,COD,,,PHP,,1856947959_PH-30097934851,,,Normal
SALE_1042671386373263,1042671386073263,1042671386373263,CUST_R*****************s,PROD_1856947959-1748396661641-0,,,1,0.0,0.0,0.0,0.0,0.0,0.0,0.0,0.0,unknown,COD,,,PHP,,1856947959_PH-30097934851,,,Normal
SALE_1034689000267304,1034689000167304,1034689000267304,CUST_J************z,PROD_1856947959-1748396661641-0,,,1,0.0,0.0,0.0,0.0,0.0,0.0,0.0,0.0,unknown,MIXEDCARD,,,PHP,,1856947959_PH-30097934851,,,Normal
SALE_1034689000367304,1034689000167304,1034689000367304,CUST_J************z,PROD_1856947959-1748396661641-0,,,1,0.0,0.0,0.0,0.0,0.0,0.0,0.0,0.0,unknown,MIXEDCARD,,,PHP,,1856947959_PH-30097934851,,,Normal
SALE_1034729640487929,1034729640387929,1034729640487929,CUST_M********e,PROD_1857030628-1617524196393-0,,,1,0.0,0.0,0.0,0.0,0.0,0.0,0.0,0.0,unknown,MIXEDCARD,,,PHP,,1857030628_PH-7870989083,,,Normal
SALE_1034765266400867,1034765266300867,1034765266400867,CUST_R*******G,PROD_1856947959-1748396661641-0,,,1,0.0,0.0,0.0,0.0,0.0,0.0,0.0,0.0,unknown,COD,,,PHP,,1856947959_PH-30097934851,,,Normal
SALE_1034824210750509,1034824210650509,1034824210750509,CUST_P*************a,PROD_1856947959-1748396661641-0,,,1,0.0,0.0,0.0,0.0,0.0,0.0,0.0,0.0,unknown,COD,,,PHP,,1856947959_PH-30097934851,,,Normal
SALE_1034874071213560,1034874071113560,1034874071213560,CUST_M***************a,PROD_P,,,1,0.0,0.0,0.0,0.0,0.0,0.0,0.0,0.0,unknown,GCASH_PP,,,PHP,,3884388412_PH-20793032962,,,Normal
SALE_1034877087561337,1034877087461337,1034877087561337,CUST_L*****************o,PROD_1856947959-1748396661641-0,,,1,0.0,0.0,0.0,0.0,0.0,0.0,0.0,0.0,unknown,GCASH_PP,,,PHP,,1856947959_PH-30097934851,,,Normal
SALE_1042906762004161,1042906761904161,1042906762004161,CUST_D***********n,PROD_1856947959-1748396661641-0,,,1,0.0,0.0,0.0,0.0,0.0,0.0,0.0,0.0,unknown,MIXEDCARD,,,PHP,,1856947959_PH-30097934851,,,Normal
SALE_1034886865900993,1034886865800993,1034886865900993,CUST_A*************n,PROD_4921156480-1738556579317-0,,,1,0.0,0.0,0.0,0.0,0.0,0.0,0.0,0.0,unknown,MIXEDCARD,,,PHP,,4921156480_PH-28672858926,,,Normal
SALE_1034886866000993,1034886865800993,1034886866000993,CUST_A*************n,PROD_P,,,1,0.0,0.0,0.0,0.0,0.0,0.0,0.0,0.0,unknown,MIXEDCARD,,,PHP,,3884388412_PH-20793032962,,,Normal
SALE_1042931334888115,1042931334788115,1042931334888115,CUST_J****************g,PROD_WT,,,1,0.0,0.0,0.0,0.0,0.0,0.0,0.0,0.0,unknown,MIXEDCARD,,,PHP,,4435102730_PH-25090520619,,,Normal
SALE_1042931334988115,1042931334788115,1042931334988115,CUST_J****************g,PROD_WT,,,1,0.0,0.0,0.0,0.0,0.0,0.0,0.0,0.0,unknown,MIXEDCARD,,,PHP,,4435102730_PH-25090520619,,,Normal
SALE_1042931335088115,1042931334788115,1042931335088115,CUST_J****************g,PROD_WT,,,1,0.0,0.0,0.0,0.0,0.0,0.0,0.0,0.0,unknown,MIXEDCARD,,,PHP,,4435102730_PH-25090520619,,,Normal
SALE_1042931335188115,1042931334788115,1042931335188115,CUST_J****************g,PROD_WT,,,1,0.0,0.0,0.0,0.0,0.0,0.0,0.0,0.0,unknown,MIXEDCARD,,,PHP,,4435102730_PH-25090520619,,,Normal
SALE_1042931335288115,1042931334788115,1042931335288115,CUST_J****************g,PROD_WT,,,1,0.0,0.0,0.0,0.0,0.0,0.0,0.0,0.0,unknown,MIXEDCARD,,,PHP,,4435102730_PH-25090520619,,,Normal
SALE_1042931335388115,1042931334788115,1042931335388115,CUST_J****************g,PROD_WT,,,1,0.0,0.0,0.0,0.0,0.0,0.0,0.0,0.0,unknown,MIXEDCARD,,,PHP,,4435102730_PH-25090520619,,,Normal
SALE_1042931335488115,1042931334788115,1042931335488115,CUST_J****************g,PROD_WT,,,1,0.0,0.0,0.0,0.0,0.0,0.0,0.0,0.0,unknown,MIXEDCARD,,,PHP,,4435102730_PH-25090520619,,,Normal
SALE_1042931335588115,1042931334788115,1042931335588115,CUST_J****************g,PROD_WT,,,1,0.0,0.0,0.0,0.0,0.0,0.0,0.0,0.0,unknown,MIXEDCARD,,,PHP,,4435102730_PH-25090520619,,,Normal
SALE_1042931335688115,1042931334788115,1042931335688115,CUST_J****************g,PROD_WT,,,1,0.0,0.0,0.0,0.0,0.0,0.0,0.0,0.0,unknown,MIXEDCARD,,,PHP,,4435102730_PH-25090520619,,,Normal
SALE_1042931335788115,1042931334788115,1042931335788115,CUST_J****************g,PROD_WT,,,1,0.0,0.0,0.0,0.0,0.0,0.0,0.0,0.0,unknown,MIXEDCARD,,,PHP,,4435102730_PH-25090520619,,,Normal
SALE_1042999112963991,1042999112863991,1042999112963991,CUST_R***********o,PROD_4337079607-1707399140728-0,,,1,0.0,0.0,0.0,0.0,0.0,0.0,0.0,0.0,unknown,GCASH_PP,,,PHP,,4337079607_PH-24334600882,Scent:Shangrila,,Normal
SALE_1042986790204564,1042986790104564,1042986790204564,CUST_S************a,PROD_1856947959-1748396661641-0,,,1,0.0,0.0,0.0,0.0,0.0,0.0,0.0,0.0,unknown,COD,,,PHP,,1856947959_PH-30097934851,,,Normal
SALE_1035057211226541,1035057211126541,1035057211226541,CUST_M***********t,PROD_1856947959-1748396661641-0,,,1,0.0,0.0,0.0,0.0,0.0,0.0,0.0,0.0,unknown,GCASH_PP,,,PHP,,1856947959_PH-30097934851,,,Normal
SALE_1035108837257188,1035108837157188,1035108837257188,CUST_N************n,PROD_1856947959-1748396661641-0,,,1,0.0,0.0,0.0,0.0,0.0,0.0,0.0,0.0,unknown,COD,,,PHP,,1856947959_PH-30097934851,,,Normal
SALE_1043133377246023,1043133377146023,1043133377246023,CUST_M***************R,PROD_1856947959-1748396661641-0,,,1,0.0,0.0,0.0,0.0,0.0,0.0,0.0,0.0,unknown,PAY_LATER,,,PHP,,1856947959_PH-30097934851,,,Normal
SALE_1035116421660270,1035116421560270,1035116421660270,CUST_R******************n,PROD_1857030628-1617524196393-0,,,1,0.0,0.0,0.0,0.0,0.0,0.0,0.0,0.0,unknown,GCASH_PP,,,PHP,,1857030628_PH-7870989083,,,Normal
SALE_1035123057621500,1035123057521500,1035123057621500,CUST_E**********o,PROD_4896157465-1736809929400-4,,,1,0.0,0.0,0.0,0.0,0.0,0.0,0.0,0.0,unknown,GCASH_PP,,,PHP,,4896157465_PH-28517434720,Scent:Solaire,,Normal
SALE_1035123057721500,1035123057521500,1035123057721500,CUST_E**********o,PROD_4896157465-1736809929400-4,,,1,0.0,0.0,0.0,0.0,0.0,0.0,0.0,0.0,unknown,GCASH_PP,,,PHP,,4896157465_PH-28517434720,Scent:Solaire,,Normal
SALE_1035142213397398,1035142213297398,1035142213397398,CUST_Z***************n,PROD_1856947959-1748396661641-0,,,1,0.0,0.0,0.0,0.0,0.0,0.0,0.0,0.0,unknown,MIXEDCARD,,,PHP,,1856947959_PH-30097934851,,,Normal
SALE_1043165138612213,1043165138512213,1043165138612213,CUST_d**************o,PROD_4896157465-1736809929399-0,,,1,0.0,0.0,0.0,0.0,0.0,0.0,0.0,0.0,unknown,COD,,,PHP,,4896157465_PH-28517434716,Scent:Shangrila,,Normal
SALE_1035172273784701,1035172273684701,1035172273784701,CUST_N***********n,PROD_4337079607-1707399140728-0,,,1,0.0,0.0,0.0,0.0,0.0,0.0,0.0,0.0,unknown,COD,,,PHP,,4337079607_PH-24334600882,Scent:Shangrila,,Normal
SALE_1035172273884701,1035172273684701,1035172273884701,CUST_N***********n,PROD_4337079607-1707399140728-0,,,1,0.0,0.0,0.0,0.0,0.0,0.0,0.0,0.0,unknown,COD,,,PHP,,4337079607_PH-24334600882,Scent:Shangrila,,Normal
SALE_1035181094148432,1035181094048432,1035181094148432,CUST_J*************o,PROD_1856986844-1617524415466-0,,,1,0.0,0.0,0.0,0.0,0.0,0.0,0.0,0.0,unknown,PAY_LATER,,,PHP,,1856986844_PH-7871040075,"Volume (ml):1000, Scent:marriott",,Normal
SALE_1035181094248432,1035181094048432,1035181094248432,CUST_J*************o,PROD_1856986844-1617524415466-0,,,1,0.0,0.0,0.0,0.0,0.0,0.0,0.0,0.0,unknown,PAY_LATER,,,PHP,,1856986844_PH-7871040075,"Volume (ml):1000, Scent:marriott",,Normal
SALE_1035181094348432,1035181094048432,1035181094348432,CUST_J*************o,PROD_1856947959-1748396661641-0,,,1,0.0,0.0,0.0,0.0,0.0,0.0,0.0,0.0,unknown,PAY_LATER,,,PHP,,1856947959_PH-30097934851,,,Normal
SALE_1035181094448432,1035181094048432,1035181094448432,CUST_J*************o,PROD_1856947959-1748396661641-0,,,1,0.0,0.0,0.0,0.0,0.0,0.0,0.0,0.0,unknown,PAY_LATER,,,PHP,,1856947959_PH-30097934851,,,Normal
SALE_1043223918975652,1043223918875652,1043223918975652,CUST_S********************n,PROD_3583313195-1676440088441-0,,,1,0.0,0.0,0.0,0.0,0.0,0.0,0.0,0.0,unknown,MIXEDCARD,,,PHP,,3583313195_PH-18525646548,,,Normal
SALE_1043223919075652,1043223918875652,1043223919075652,CUST_S********************n,PROD_1856947959-1748396661641-0,,,1,0.0,0.0,0.0,0.0,0.0,0.0,0.0,0.0,unknown,MIXEDCARD,,,PHP,,1856947959_PH-30097934851,,,Normal
SALE_1043223919175652,1043223918875652,1043223919175652,CUST_S********************n,PROD_1856947959-1748396661641-0,,,1,0.0,0.0,0.0,0.0,0.0,0.0,0.0,0.0,unknown,MIXEDCARD,,,PHP,,1856947959_PH-30097934851,,,Normal
SALE_1035201662091501,1035201661991501,1035201662091501,CUST_R********************z,PROD_1856947959-1748396661641-0,,,1,0.0,0.0,0.0,0.0,0.0,0.0,0.0,0.0,unknown,MIXEDCARD,,,PHP,,1856947959_PH-30097934851,,,Normal
SALE_1035220276710971,1035220276610971,1035220276710971,CUST_g**********e,PROD_1856947959-1748396661641-0,,,1,0.0,0.0,0.0,0.0,0.0,0.0,0.0,0.0,unknown,COD,,,PHP,,1856947959_PH-30097934851,,,Normal
SALE_1035311835789256,1035311835689256,1035311835789256,CUST_J************r,PROD_1856947959-1748396661641-0,,,1,0.0,0.0,0.0,0.0,0.0,0.0,0.0,0.0,unknown,COD,,,PHP,,1856947959_PH-30097934851,,,Normal
SALE_1043335164311700,1043335164211700,1043335164311700,CUST_J*******************n,PROD_3730272243-1681483587441-8,,,1,0.0,0.0,0.0,0.0,0.0,0.0,0.0,0.0,unknown,PAY_LATER,,,PHP,,3730272243_PH-19667622963,Variation3:Green Tea,,Normal
SALE_1043335164411700,1043335164211700,1043335164411700,CUST_J*******************n,PROD_3730272243-1681483587441-0,,,1,0.0,0.0,0.0,0.0,0.0,0.0,0.0,0.0,unknown,PAY_LATER,,,PHP,,3730272243_PH-19667622955,Variation3:Shangrila,,Normal
SALE_1035353255805727,1035353255705727,1035353255805727,CUST_R**************d,PROD_1856986844-1617524415466-0,,,1,0.0,0.0,0.0,0.0,0.0,0.0,0.0,0.0,unknown,COD,,,PHP,,1856986844_PH-7871040075,"Volume (ml):1000, Scent:marriott",,Normal
SALE_1035353255905727,1035353255705727,1035353255905727,CUST_R**************d,PROD_4726844228-1729943500336-0,,,1,0.0,0.0,0.0,0.0,0.0,0.0,0.0,0.0,unknown,COD,,,PHP,,4726844228_PH-27339128266,Color family:Brown,,Normal
SALE_1035425406688148,1035425406588148,1035425406688148,CUST_f******a,PROD_1856947959-1748396661641-0,,,1,0.0,0.0,0.0,0.0,0.0,0.0,0.0,0.0,unknown,COD,,,PHP,,1856947959_PH-30097934851,,,Normal
SALE_1035425406788148,1035425406588148,1035425406788148,CUST_f******a,PROD_4726844228-1729943500336-0,,,1,0.0,0.0,0.0,0.0,0.0,0.0,0.0,0.0,unknown,COD,,,PHP,,4726844228_PH-27339128266,Color family:Brown,,Normal
SALE_1043462538410253,1043462538310253,1043462538410253,CUST_M**************a,PROD_1857030628-1617524196393-0,,,1,0.0,0.0,0.0,0.0,0.0,0.0,0.0,0.0,unknown,GCASH_PP,,,PHP,,1857030628_PH-7870989083,,,Normal
SALE_1035434227388106,1035434227288106,1035434227388106,CUST_j**************o,PROD_1856947959-1748396661641-0,,,1,0.0,0.0,0.0,0.0,0.0,0.0,0.0,0.0,unknown,COD,,,PHP,,1856947959_PH-30097934851,,,Normal
SALE_1035472289200689,1035472289100689,1035472289200689,CUST_a*********a,PROD_1856986844-1617524415466-0,,,1,0.0,0.0,0.0,0.0,0.0,0.0,0.0,0.0,unknown,PAY_LATER,,,PHP,,1856986844_PH-7871040075,"Volume (ml):1000, Scent:marriott",,Normal
SALE_1035472289300689,1035472289100689,1035472289300689,CUST_a*********a,PROD_LAV,,,1,0.0,0.0,0.0,0.0,0.0,0.0,0.0,0.0,unknown,PAY_LATER,,,PHP,,3464151195_PH-17808092447,,,Normal
SALE_1035513034064849,1035513033964849,1035513034064849,CUST_A*********o,PROD_1856947959-1748396661641-0,,,1,0.0,0.0,0.0,0.0,0.0,0.0,0.0,0.0,unknown,MIXEDCARD,,,PHP,,1856947959_PH-30097934851,,,Normal
SALE_1035521253024894,1035521252924894,1035521253024894,CUST_A************i,PROD_5175120341-1752677181110-0,,,1,0.0,0.0,0.0,0.0,0.0,0.0,0.0,0.0,unknown,PAY_LATER,,,PHP,,5175120341_PH-30683243468,,,Normal
SALE_1035521253124894,1035521252924894,1035521253124894,CUST_A************i,PROD_4896157465-1736809929399-0,,,1,0.0,0.0,0.0,0.0,0.0,0.0,0.0,0.0,unknown,PAY_LATER,,,PHP,,4896157465_PH-28517434716,Scent:Shangrila,,Normal
SALE_1035543811761337,1035543811661337,1035543811761337,CUST_L*****************o,PROD_1856947959-1748396661641-0,,,1,0.0,0.0,0.0,0.0,0.0,0.0,0.0,0.0,unknown,GCASH_PP,,,PHP,,1856947959_PH-30097934851,,,Normal
SALE_1043591909048798,1043591908948798,1043591909048798,CUST_N**************a,PROD_1856947959-1748396661641-0,,,1,0.0,0.0,0.0,0.0,0.0,0.0,0.0,0.0,unknown,COD,,,PHP,,1856947959_PH-30097934851,,,Normal
SALE_1043596724434353,1043596724334353,1043596724434353,CUST_C********************z,PROD_1856947959-1748396661641-0,,,1,0.0,0.0,0.0,0.0,0.0,0.0,0.0,0.0,unknown,COD,,,PHP,,1856947959_PH-30097934851,,,Normal
SALE_1043606716716465,1043606716616465,1043606716716465,CUST_A***********s,PROD_3368572353-1738239695642-0,,,1,0.0,0.0,0.0,0.0,0.0,0.0,0.0,0.0,unknown,COD,,,PHP,,3368572353_PH-28661617725,,,Normal
SALE_1043606716816465,1043606716616465,1043606716816465,CUST_A***********s,PROD_1856947959-1748396661641-0,,,1,0.0,0.0,0.0,0.0,0.0,0.0,0.0,0.0,unknown,COD,,,PHP,,1856947959_PH-30097934851,,,Normal
SALE_1035590268255164,1035590268155164,1035590268255164,CUST_M***********z,PROD_1856947959-1748396661641-0,,,1,0.0,0.0,0.0,0.0,0.0,0.0,0.0,0.0,unknown,GCASH_PP,,,PHP,,1856947959_PH-30097934851,,,Normal
SALE_1043651376057569,1043651375957569,1043651376057569,CUST_C*************r,PROD_1856947959-1748396661641-0,,,1,0.0,0.0,0.0,0.0,0.0,0.0,0.0,0.0,unknown,MIXEDCARD,,,PHP,,1856947959_PH-30097934851,,,Normal
SALE_1043677972610830,1043677972510830,1043677972610830,CUST_J*******************a,PROD_1857030628-1617524196393-0,,,1,0.0,0.0,0.0,0.0,0.0,0.0,0.0,0.0,unknown,GCASH_PP,,,PHP,,1857030628_PH-7870989083,,,Normal
SALE_1043740590017089,1043740589917089,1043740590017089,CUST_N*************t,PROD_3368572353-1738239695642-0,,,1,0.0,0.0,0.0,0.0,0.0,0.0,0.0,0.0,unknown,MIXEDCARD,,,PHP,,3368572353_PH-28661617725,,,Normal
SALE_1043850941854945,1043850941754945,1043850941854945,CUST_A**************o,PROD_1856986844-1617524415466-0,,,1,0.0,0.0,0.0,0.0,0.0,0.0,0.0,0.0,unknown,COD,,,PHP,,1856986844_PH-7871040075,"Volume (ml):1000, Scent:marriott",,Normal
SALE_1043850941954945,1043850941754945,1043850941954945,CUST_A**************o,PROD_1856947959-1748396661641-0,,,1,0.0,0.0,0.0,0.0,0.0,0.0,0.0,0.0,unknown,COD,,,PHP,,1856947959_PH-30097934851,,,Normal
SALE_1043850942054945,1043850941754945,1043850942054945,CUST_A**************o,PROD_1857030628-1617524196393-0,,,1,0.0,0.0,0.0,0.0,0.0,0.0,0.0,0.0,unknown,COD,,,PHP,,1857030628_PH-7870989083,,,Normal
SALE_1035839815648032,1035839815548032,1035839815648032,CUST_M*********e,PROD_P,,,1,0.0,0.0,0.0,0.0,0.0,0.0,0.0,0.0,unknown,GCASH_PP,,,PHP,,3884388412_PH-20793032962,,,Normal
SALE_1043847771700410,1043847771600410,1043847771700410,CUST_A***********a,PROD_1856947959-1748396661641-0,,,1,0.0,0.0,0.0,0.0,0.0,0.0,0.0,0.0,unknown,MIXEDCARD,,,PHP,,1856947959_PH-30097934851,,,Normal
SALE_1035888809367331,1035888809267331,1035888809367331,CUST_L*************o,PROD_1856947959-1748396661641-0,,,1,0.0,0.0,0.0,0.0,0.0,0.0,0.0,0.0,unknown,MIXEDCARD,,,PHP,,1856947959_PH-30097934851,,,Normal
SALE_1043991331021289,1043991330921289,1043991331021289,CUST_J******************N,PROD_1856947959-1748396661641-0,,,1,0.0,0.0,0.0,0.0,0.0,0.0,0.0,0.0,unknown,GCASH_PP,,,PHP,,1856947959_PH-30097934851,,,Normal
SALE_1044054309070148,1044054308970148,1044054309070148,CUST_J**********************s,PROD_1856947959-1748396661641-0,,,1,0.0,0.0,0.0,0.0,0.0,0.0,0.0,0.0,unknown,MIXEDCARD,,,PHP,,1856947959_PH-30097934851,,,Normal
SALE_1044096782745571,1044096782645571,1044096782745571,CUST_S****************y,PROD_1856947959-1748396661641-0,,,1,0.0,0.0,0.0,0.0,0.0,0.0,0.0,0.0,unknown,COD,,,PHP,,1856947959_PH-30097934851,,,Normal
SALE_1044096782845571,1044096782645571,1044096782845571,CUST_S****************y,PROD_1856947959-1748396661641-0,,,1,0.0,0.0,0.0,0.0,0.0,0.0,0.0,0.0,unknown,COD,,,PHP,,1856947959_PH-30097934851,,,Normal
SALE_1044096782945571,1044096782645571,1044096782945571,CUST_S****************y,PROD_1856947959-1748396661641-0,,,1,0.0,0.0,0.0,0.0,0.0,0.0,0.0,0.0,unknown,COD,,,PHP,,1856947959_PH-30097934851,,,Normal
SALE_1044096783045571,1044096782645571,1044096783045571,CUST_S****************y,PROD_1856947959-1748396661641-0,,,1,0.0,0.0,0.0,0.0,0.0,0.0,0.0,0.0,unknown,COD,,,PHP,,1856947959_PH-30097934851,,,Normal
SALE_1044096783145571,1044096782645571,1044096783145571,CUST_S****************y,PROD_1856947959-1748396661641-0,,,1,0.0,0.0,0.0,0.0,0.0,0.0,0.0,0.0,unknown,COD,,,PHP,,1856947959_PH-30097934851,,,Normal
SALE_1036096617020378,1036096616920378,1036096617020378,CUST_O***********a,PROD_4896157465-1736809929399-0,,,1,0.0,0.0,0.0,0.0,0.0,0.0,0.0,0.0,unknown,PAY_LATER,,,PHP,,4896157465_PH-28517434716,Scent:Shangrila,,Normal
SALE_1036135491926827,1036135491826827,1036135491926827,CUST_S*********a,PROD_1856947959-1748396661641-0,,,1,0.0,0.0,0.0,0.0,0.0,0.0,0.0,0.0,unknown,PAY_LATER,,,PHP,,1856947959_PH-30097934851,,,Normal
SALE_1044172129227113,1044172129127113,1044172129227113,CUST_B*****m,PROD_4337079607-1707399140728-0,,,1,0.0,0.0,0.0,0.0,0.0,0.0,0.0,0.0,unknown,MIXEDCARD,,,PHP,,4337079607_PH-24334600882,Scent:Shangrila,,Normal
SALE_1036180462961570,1036180462861570,1036180462961570,CUST_M**************a,PROD_LAV,,,1,0.0,0.0,0.0,0.0,0.0,0.0,0.0,0.0,unknown,COD,,,PHP,,3464151195_PH-17808092447,,,Normal
SALE_1036195278786524,1036195278686524,1036195278786524,CUST_E********n,PROD_1856947959-1748396661641-0,,,1,0.0,0.0,0.0,0.0,0.0,0.0,0.0,0.0,unknown,COD,,,PHP,,1856947959_PH-30097934851,,,Normal
SALE_1036195278886524,1036195278686524,1036195278886524,CUST_E********n,PROD_1856947959-1748396661641-0,,,1,0.0,0.0,0.0,0.0,0.0,0.0,0.0,0.0,unknown,COD,,,PHP,,1856947959_PH-30097934851,,,Normal
SALE_1044276131026035,1044276130926035,1044276131026035,CUST_j***********o,PROD_1856947959-1748396661641-0,,,1,0.0,0.0,0.0,0.0,0.0,0.0,0.0,0.0,unknown,PAY_LATER,,,PHP,,1856947959_PH-30097934851,,,Normal
SALE_1044276131126035,1044276130926035,1044276131126035,CUST_j***********o,PROD_1856947959-1748396661641-0,,,1,0.0,0.0,0.0,0.0,0.0,0.0,0.0,0.0,unknown,PAY_LATER,,,PHP,,1856947959_PH-30097934851,,,Normal
SALE_1036267821703570,1036267821603570,1036267821703570,CUST_A*********************s,PROD_1856947959-1748396661641-0,,,1,0.0,0.0,0.0,0.0,0.0,0.0,0.0,0.0,unknown,COD,,,PHP,,1856947959_PH-30097934851,,,Normal
SALE_1044299372678696,1044299372578696,1044299372678696,CUST_K******n,PROD_1856947959-1748396661641-0,,,1,0.0,0.0,0.0,0.0,0.0,0.0,0.0,0.0,unknown,COD,,,PHP,,1856947959_PH-30097934851,,,Normal
SALE_1044315922643171,1044315922543171,1044315922643171,CUST_A*************l,PROD_1856947959-1748396661641-0,,,1,0.0,0.0,0.0,0.0,0.0,0.0,0.0,0.0,unknown,PAY_LATER,,,PHP,,1856947959_PH-30097934851,,,Normal
SALE_1044349353382957,1044349353282957,1044349353382957,CUST_E********a,PROD_1856947959-1748396661641-0,,,1,0.0,0.0,0.0,0.0,0.0,0.0,0.0,0.0,unknown,MIXEDCARD,,,PHP,,1856947959_PH-30097934851,,,Normal
SALE_1036355299349427,1036355299249427,1036355299349427,CUST_G***************s,PROD_1856947959-1748396661641-0,,,1,0.0,0.0,0.0,0.0,0.0,0.0,0.0,0.0,unknown,GCASH_PP,,,PHP,,1856947959_PH-30097934851,,,Normal
SALE_1036404048188598,1036404048088598,1036404048188598,CUST_S******************I,PROD_1856947959-1748396661641-0,,,1,0.0,0.0,0.0,0.0,0.0,0.0,0.0,0.0,unknown,COD,,,PHP,,1856947959_PH-30097934851,,,Normal
SALE_1036404048288598,1036404048088598,1036404048288598,CUST_S******************I,PROD_1856947959-1748396661641-0,,,1,0.0,0.0,0.0,0.0,0.0,0.0,0.0,0.0,unknown,COD,,,PHP,,1856947959_PH-30097934851,,,Normal
SALE_1036404048388598,1036404048088598,1036404048388598,CUST_S******************I,PROD_1856947959-1748396661641-0,,,1,0.0,0.0,0.0,0.0,0.0,0.0,0.0,0.0,unknown,COD,,,PHP,,1856947959_PH-30097934851,,,Normal
SALE_1036427210019901,1036427209919901,1036427210019901,CUST_F*****************a,PROD_1856986844-1617524415466-0,,,1,0.0,0.0,0.0,0.0,0.0,0.0,0.0,0.0,unknown,MIXEDCARD,,,PHP,,1856986844_PH-7871040075,"Volume (ml):1000, Scent:marriott",,Normal
SALE_1036427210119901,1036427209919901,1036427210119901,CUST_F*****************a,PROD_4896157465-1736809929399-2,,,1,0.0,0.0,0.0,0.0,0.0,0.0,0.0,0.0,unknown,MIXEDCARD,,,PHP,,4896157465_PH-28517434718,Scent:Bamboo,,Normal
SALE_1036427210219901,1036427209919901,1036427210219901,CUST_F*****************a,PROD_1856947959-1748396661641-0,,,1,0.0,0.0,0.0,0.0,0.0,0.0,0.0,0.0,unknown,MIXEDCARD,,,PHP,,1856947959_PH-30097934851,,,Normal
SALE_1036434300047913,1036434299947913,1036434300047913,CUST_L********u,PROD_1856947959-1748396661641-0,,,1,0.0,0.0,0.0,0.0,0.0,0.0,0.0,0.0,unknown,GCASH_PP,,,PHP,,1856947959_PH-30097934851,,,Normal
SALE_1044522738093507,1044522737993507,1044522738093507,CUST_G**********a,PROD_1856947959-1748396661641-0,,,1,0.0,0.0,0.0,0.0,0.0,0.0,0.0,0.0,unknown,PAY_LATER,,,PHP,,1856947959_PH-30097934851,,,Normal
SALE_1044608198072798,1044608197972798,1044608198072798,CUST_m*********d,PROD_1856947959-1748396661641-0,,,1,0.0,0.0,0.0,0.0,0.0,0.0,0.0,0.0,unknown,COD,,,PHP,,1856947959_PH-30097934851,,,Normal
SALE_1036689234616135,1036689234516135,1036689234616135,CUST_e*****************r,PROD_3368572353-1738239695642-0,,,1,0.0,0.0,0.0,0.0,0.0,0.0,0.0,0.0,unknown,COD,,,PHP,,3368572353_PH-28661617725,,,Normal
SALE_1036724819374161,1036724819274161,1036724819374161,CUST_C*********s,PROD_3368572353-1738239695642-0,,,1,0.0,0.0,0.0,0.0,0.0,0.0,0.0,0.0,unknown,MIXEDCARD,,,PHP,,3368572353_PH-28661617725,,,Normal
SALE_1036724819474161,1036724819274161,1036724819474161,CUST_C*********s,PROD_4338109406-1707704430453-1,,,1,0.0,0.0,0.0,0.0,0.0,0.0,0.0,0.0,unknown,MIXEDCARD,,,PHP,,4338109406_PH-24338704397,Size:Large,,Normal
SALE_1036724819574161,1036724819274161,1036724819574161,CUST_C*********s,PROD_3583313195-1676440088441-0,,,1,0.0,0.0,0.0,0.0,0.0,0.0,0.0,0.0,unknown,MIXEDCARD,,,PHP,,3583313195_PH-18525646548,,,Normal
SALE_1036724819674161,1036724819274161,1036724819674161,CUST_C*********s,PROD_LAV,,,1,0.0,0.0,0.0,0.0,0.0,0.0,0.0,0.0,unknown,MIXEDCARD,,,PHP,,3464151195_PH-17808092447,,,Normal
SALE_1036724819774161,1036724819274161,1036724819774161,CUST_C*********s,PROD_LAV,,,1,0.0,0.0,0.0,0.0,0.0,0.0,0.0,0.0,unknown,MIXEDCARD,,,PHP,,3464151195_PH-17808092447,,,Normal
SALE_1036724819874161,1036724819274161,1036724819874161,CUST_C*********s,PROD_LAV,,,1,0.0,0.0,0.0,0.0,0.0,0.0,0.0,0.0,unknown,MIXEDCARD,,,PHP,,3464151195_PH-17808092447,,,Normal
SALE_1036724819974161,1036724819274161,1036724819974161,CUST_C*********s,PROD_1856986844-1617524415466-0,,,1,0.0,0.0,0.0,0.0,0.0,0.0,0.0,0.0,unknown,MIXEDCARD,,,PHP,,1856986844_PH-7871040075,"Volume (ml):1000, Scent:marriott",,Normal
SALE_1036724820074161,1036724819274161,1036724820074161,CUST_C*********s,PROD_1856986844-1617524415466-0,,,1,0.0,0.0,0.0,0.0,0.0,0.0,0.0,0.0,unknown,MIXEDCARD,,,PHP,,1856986844_PH-7871040075,"Volume (ml):1000, Scent:marriott",,Normal
SALE_1044764135124161,1044764135024161,1044764135124161,CUST_M***************n,PROD_3382826683-1666063218249-0,,,1,0.0,0.0,0.0,0.0,0.0,0.0,0.0,0.0,unknown,COD,,,PHP,,3382826683_PH-17251724455,,,Normal
SALE_1044832102511241,1044832102411241,1044832102511241,CUST_J************r,PROD_1856947959-1748396661641-0,,,1,0.0,0.0,0.0,0.0,0.0,0.0,0.0,0.0,unknown,MIXEDCARD,,,PHP,,1856947959_PH-30097934851,,,Normal
SALE_1045039948322106,1045039948222106,1045039948322106,CUST_A*********z,PROD_1856947959-1748396661641-0,,,1,0.0,0.0,0.0,0.0,0.0,0.0,0.0,0.0,unknown,COD,,,PHP,,1856947959_PH-30097934851,,,Normal
SALE_1045039948422106,1045039948222106,1045039948422106,CUST_A*********z,PROD_1856947959-1748396661641-0,,,1,0.0,0.0,0.0,0.0,0.0,0.0,0.0,0.0,unknown,COD,,,PHP,,1856947959_PH-30097934851,,,Normal
SALE_1037037272121891,1037037272021891,1037037272121891,CUST_T***********e,PROD_1856947959-1748396661641-0,,,1,0.0,0.0,0.0,0.0,0.0,0.0,0.0,0.0,unknown,PAYMENT_ACCOUNT,,,PHP,,1856947959_PH-30097934851,,,Normal
SALE_1045122719876784,1045122719776784,1045122719876784,CUST_C*********t,PROD_1856947959-1748396661641-0,,,1,0.0,0.0,0.0,0.0,0.0,0.0,0.0,0.0,unknown,MIXEDCARD,,,PHP,,1856947959_PH-30097934851,,,Normal
SALE_1045187300313706,1045187300213706,1045187300313706,CUST_K**************a,PROD_1856947959-1748396661641-0,,,1,0.0,0.0,0.0,0.0,0.0,0.0,0.0,0.0,unknown,COD,,,PHP,,1856947959_PH-30097934851,,,Normal
SALE_1045187300413706,1045187300213706,1045187300413706,CUST_K**************a,PROD_1856947959-1748396661641-0,,,1,0.0,0.0,0.0,0.0,0.0,0.0,0.0,0.0,unknown,COD,,,PHP,,1856947959_PH-30097934851,,,Normal
SALE_1045236731801321,1045236731701321,1045236731801321,CUST_K************o,PROD_1856947959-1748396661641-0,,,1,0.0,0.0,0.0,0.0,0.0,0.0,0.0,0.0,unknown,MIXEDCARD,,,PHP,,1856947959_PH-30097934851,,,Normal
SALE_1037189868160794,1037189868060794,1037189868160794,CUST_J**************s,PROD_WT,,,1,0.0,0.0,0.0,0.0,0.0,0.0,0.0,0.0,unknown,COD,,,PHP,,4435102730_PH-25090520619,,,Normal
SALE_1045309769261487,1045309769161487,1045309769261487,CUST_T****************O,PROD_1856947959-1748396661641-0,,,1,0.0,0.0,0.0,0.0,0.0,0.0,0.0,0.0,unknown,COD,,,PHP,,1856947959_PH-30097934851,,,Normal
SALE_1037258295711611,1037258295611611,1037258295711611,CUST_B*********l,PROD_1856947959-1748396661641-0,,,1,0.0,0.0,0.0,0.0,0.0,0.0,0.0,0.0,unknown,GCASH_PP,,,PHP,,1856947959_PH-30097934851,,,Normal
SALE_1037275012813687,1037275012713687,1037275012813687,CUST_E***********t,PROD_1856947959-1748396661641-0,,,1,0.0,0.0,0.0,0.0,0.0,0.0,0.0,0.0,unknown,COD,,,PHP,,1856947959_PH-30097934851,,,Normal
SALE_1037297876446588,1037297876346588,1037297876446588,CUST_R****************e,PROD_1856947959-1748396661641-0,,,1,0.0,0.0,0.0,0.0,0.0,0.0,0.0,0.0,unknown,GCASH_PP,,,PHP,,1856947959_PH-30097934851,,,Normal
SALE_1045434305084135,1045434304984135,1045434305084135,CUST_L**********z,PROD_3583313195-1676440088441-0,,,1,0.0,0.0,0.0,0.0,0.0,0.0,0.0,0.0,unknown,COD,,,PHP,,3583313195_PH-18525646548,,,Normal
SALE_1045434305184135,1045434304984135,1045434305184135,CUST_L**********z,PROD_3583313195-1676440088441-0,,,1,0.0,0.0,0.0,0.0,0.0,0.0,0.0,0.0,unknown,COD,,,PHP,,3583313195_PH-18525646548,,,Normal
SALE_1045434305284135,1045434304984135,1045434305284135,CUST_L**********z,PROD_LAV,,,1,0.0,0.0,0.0,0.0,0.0,0.0,0.0,0.0,unknown,COD,,,PHP,,3464151195_PH-17808092447,,,Normal
SALE_1045434305384135,1045434304984135,1045434305384135,CUST_L**********z,PROD_LAV,,,1,0.0,0.0,0.0,0.0,0.0,0.0,0.0,0.0,unknown,COD,,,PHP,,3464151195_PH-17808092447,,,Normal
SALE_1045434305484135,1045434304984135,1045434305484135,CUST_L**********z,PROD_LAV,,,1,0.0,0.0,0.0,0.0,0.0,0.0,0.0,0.0,unknown,COD,,,PHP,,3464151195_PH-17808092447,,,Normal
SALE_1045441936418928,1045441936318928,1045441936418928,CUST_W**************o,PROD_1856947959-1748396661641-0,,,1,0.0,0.0,0.0,0.0,0.0,0.0,0.0,0.0,unknown,MIXEDCARD,,,PHP,,1856947959_PH-30097934851,,,Normal
SALE_1037438498229414,1037438498129414,1037438498229414,CUST_J*********o,PROD_3730272243-1681483587441-0,,,1,0.0,0.0,0.0,0.0,0.0,0.0,0.0,0.0,unknown,GCASH_PP,,,PHP,,3730272243_PH-19667622955,Variation3:Shangrila,,Normal
SALE_1037438498329414,1037438498129414,1037438498329414,CUST_J*********o,PROD_3730272243-1681483587441-0,,,1,0.0,0.0,0.0,0.0,0.0,0.0,0.0,0.0,unknown,GCASH_PP,,,PHP,,3730272243_PH-19667622955,Variation3:Shangrila,,Normal
SALE_1037456473764182,1037456473664182,1037456473764182,CUST_M**********************a,PROD_1856947959-1748396661641-0,,,1,0.0,0.0,0.0,0.0,0.0,0.0,0.0,0.0,unknown,MIXEDCARD,,,PHP,,1856947959_PH-30097934851,,,Normal
SALE_1037462244632722,1037462244532722,1037462244632722,CUST_r***********o,PROD_1856947959-1748396661641-0,,,1,0.0,0.0,0.0,0.0,0.0,0.0,0.0,0.0,unknown,COD,,,PHP,,1856947959_PH-30097934851,,,Normal
SALE_1037462244732722,1037462244532722,1037462244732722,CUST_r***********o,PROD_1856947959-1748396661641-0,,,1,0.0,0.0,0.0,0.0,0.0,0.0,0.0,0.0,unknown,COD,,,PHP,,1856947959_PH-30097934851,,,Normal
SALE_1037588093406182,1037588093306182,1037588093406182,CUST_k*******z,PROD_1856947959-1748396661641-0,,,1,0.0,0.0,0.0,0.0,0.0,0.0,0.0,0.0,unknown,GCASH_PP,,,PHP,,1856947959_PH-30097934851,,,Normal
SALE_1045830776838205,1045830776738205,1045830776838205,CUST_I**************s,PROD_1856947959-1748396661641-0,,,1,0.0,0.0,0.0,0.0,0.0,0.0,0.0,0.0,unknown,GCASH_PP,,,PHP,,1856947959_PH-30097934851,,,Normal
SALE_1037839223413687,1037839223313687,1037839223413687,CUST_E***********t,PROD_1856947959-1748396661641-0,,,1,0.0,0.0,0.0,0.0,0.0,0.0,0.0,0.0,unknown,COD,,,PHP,,1856947959_PH-30097934851,,,Normal
SALE_1037884842612855,1037884842512855,1037884842612855,CUST_c******e,PROD_1856947959-1748396661641-0,,,1,0.0,0.0,0.0,0.0,0.0,0.0,0.0,0.0,unknown,COD,,,PHP,,1856947959_PH-30097934851,,,Normal
SALE_1037905826436871,1037905826336871,1037905826436871,CUST_J***********s,PROD_1856947959-1748396661641-0,,,1,0.0,0.0,0.0,0.0,0.0,0.0,0.0,0.0,unknown,,,,PHP,,1856947959_PH-30097934851,,,Normal
SALE_1037905826536871,1037905826336871,1037905826536871,CUST_J***********s,PROD_1856947959-1748396661641-0,,,1,0.0,0.0,0.0,0.0,0.0,0.0,0.0,0.0,unknown,,,,PHP,,1856947959_PH-30097934851,,,Normal
SALE_1037949482103506,1037949482003506,1037949482103506,CUST_B************N,PROD_4337079607-1707399140729-9,,,1,0.0,0.0,0.0,0.0,0.0,0.0,0.0,0.0,unknown,MIXEDCARD,,,PHP,,4337079607_PH-24334600891,Scent:Cherry Blossom,,Normal
SALE_1038154844371378,1038154844271378,1038154844371378,CUST_A****************r,PROD_3368572353-1738239695642-0,,,1,0.0,0.0,0.0,0.0,0.0,0.0,0.0,0.0,unknown,MIXEDCARD,,,PHP,,3368572353_PH-28661617725,,,Normal
SALE_1038151471184711,1038151471084711,1038151471184711,CUST_A************a,PROD_1856947959-1748396661641-0,,,1,0.0,0.0,0.0,0.0,0.0,0.0,0.0,0.0,unknown,MIXEDCARD,,,PHP,,1856947959_PH-30097934851,,,Normal
SALE_1038254233850184,1038254233750184,1038254233850184,CUST_M************s,PROD_1856947959-1748396661641-0,,,1,0.0,0.0,0.0,0.0,0.0,0.0,0.0,0.0,unknown,COD,,,PHP,,1856947959_PH-30097934851,,,Normal
SALE_1046340570625931,1046340568225931,1046340570625931,CUST_R**************a,PROD_1856947959-1748396661641-0,,,1,0.0,0.0,0.0,0.0,0.0,0.0,0.0,0.0,unknown,MIXEDCARD,,,PHP,,1856947959_PH-30097934851,,,Normal
SALE_1038325891822905,1038325891722905,1038325891822905,CUST_W**********a,PROD_1857030628-1617524196393-0,,,1,0.0,0.0,0.0,0.0,0.0,0.0,0.0,0.0,unknown,PAY_LATER,,,PHP,,1857030628_PH-7870989083,,,Normal
SALE_1046391978188669,1046391978088669,1046391978188669,CUST_P************o,PROD_LAV,,,1,0.0,0.0,0.0,0.0,0.0,0.0,0.0,0.0,unknown,COD,,,PHP,,3464151195_PH-17808092447,,,Normal
SALE_1046450957116569,1046450957016569,1046450957116569,CUST_M**********t,PROD_1856947959-1748396661641-0,,,1,0.0,0.0,0.0,0.0,0.0,0.0,0.0,0.0,unknown,COD,,,PHP,,1856947959_PH-30097934851,,,Normal
SALE_1038376485152588,1038376485052588,1038376485152588,CUST_N******************.,PROD_1856947959-1748396661641-0,,,1,0.0,0.0,0.0,0.0,0.0,0.0,0.0,0.0,unknown,COD,,,PHP,,1856947959_PH-30097934851,,,Normal
