order_item_key,order_item_id,order_key,product_key,time_key,product_name,product_sku,shop_sku,variation,quantity,item_price,total_item_price,paid_price,item_voucher_discount,shipping_amount,tax_amount,item_status,cancellation_reason,tracking_code,warehouse_code,created_at,updated_at
,1030838093101077,,,20250910,1Liter L.A. Collections SHANGRI-LA Hotel Waterbased Diffuser Scents/Linen Spray/ Room Spray,1856947959-1748396661641-0,1856947959_PH-30097934851,,1,395.0,395.0,385.9,9.1,0.0,0.0,canceled,Want to place a new order with more/different items,,dropshipping,2025-09-10 15:59:38+08:00,2025-09-10 16:06:50+08:00
,1038799954518564,,,20250910,1Liter L.A. Collections SHANGRI-LA Hotel Waterbased Diffuser Scents/Linen Spray/ Room Spray,1856947959-1748396661641-0,1856947959_PH-30097934851,,1,395.0,395.0,395.0,0.0,0.0,0.0,confirmed,,MP1374654025,dropshipping,2025-09-10 16:04:18+08:00,2025-09-16 09:07:17+08:00
,1038828991276005,,,20250910,1 Liter L.A. Collections Fresh Bamboo Waterbased Scent for  Humidifiers/Diffusers/Linen Spray,3368572353-1738239695642-0,3368572353_PH-28661617725,,1,380.0,380.0,361.0,19.0,0.0,0.0,confirmed,,MP1374654026,dropshipping,2025-09-10 17:48:38+08:00,2025-09-13 13:52:35+08:00
,1038828991376005,,,20250910,1L Waterbased CITRONELLA Scent by LA Collections,4921156480-1738556579317-0,4921156480_PH-28672858926,,1,380.0,380.0,361.0,19.0,0.0,0.0,confirmed,,MP1374654026,dropshipping,2025-09-10 17:48:38+08:00,2025-09-13 13:52:35+08:00
,1030874680864643,,,20250910,1Liter L.A. Collections SHANGRI-LA Hotel Waterbased Diffuser Scents/Linen Spray/ Room Spray,1856947959-1748396661641-0,1856947959_PH-30097934851,,1,395.0,395.0,375.25,19.75,0.0,0.0,confirmed,,MP1374654350,dropshipping,2025-09-10 18:29:49+08:00,2025-09-16 16:08:21+08:00
,1038904521221565,,,20250910,1Liter L.A. Collections SHANGRI-LA Hotel Waterbased Diffuser Scents/Linen Spray/ Room Spray,1856947959-1748396661641-0,1856947959_PH-30097934851,,1,395.0,395.0,395.0,0.0,33.2,0.0,confirmed,,MP1374653973,dropshipping,2025-09-10 20:54:28+08:00,2025-09-19 13:28:31+08:00
,1038904521321565,,,20250910,1Liter L.A. Collections SHANGRI-LA Hotel Waterbased Diffuser Scents/Linen Spray/ Room Spray,1856947959-1748396661641-0,1856947959_PH-30097934851,,1,395.0,395.0,395.0,0.0,33.2,0.0,confirmed,,MP1374653973,dropshipping,2025-09-10 20:54:28+08:00,2025-09-19 13:28:31+08:00
,1038904521421565,,,20250910,1Liter L.A. Collections SHANGRI-LA Hotel Waterbased Diffuser Scents/Linen Spray/ Room Spray,1856947959-1748396661641-0,1856947959_PH-30097934851,,1,395.0,395.0,395.0,0.0,33.2,0.0,confirmed,,MP1374653973,dropshipping,2025-09-10 20:54:28+08:00,2025-09-19 13:28:31+08:00
,1038904521521565,,,20250910,1Liter L.A. Collections SHANGRI-LA Hotel Waterbased Diffuser Scents/Linen Spray/ Room Spray,1856947959-1748396661641-0,1856947959_PH-30097934851,,1,395.0,395.0,395.0,0.0,33.2,0.0,confirmed,,MP1374653973,dropshipping,2025-09-10 20:54:28+08:00,2025-09-19 13:28:31+08:00
,1038904521621565,,,20250910,1Liter L.A. Collections SHANGRI-LA Hotel Waterbased Diffuser Scents/Linen Spray/ Room Spray,1856947959-1748396661641-0,1856947959_PH-30097934851,,1,395.0,395.0,395.0,0.0,33.2,0.0,confirmed,,MP1374653973,dropshipping,2025-09-10 20:54:28+08:00,2025-09-19 13:28:31+08:00
,1030980894543033,,,20250910,1Liter L.A. Collections SHANGRI-LA Hotel Waterbased Diffuser Scents/Linen Spray/ Room Spray,1856947959-1748396661641-0,1856947959_PH-30097934851,,1,395.0,395.0,393.15,1.85,24.75,0.0,confirmed,,MP1374654349,dropshipping,2025-09-10 23:23:23+08:00,2025-09-15 15:01:19+08:00
,1030980894643033,,,20250910,1Liter L.A. Collections SHANGRI-LA Hotel Waterbased Diffuser Scents/Linen Spray/ Room Spray,1856947959-1748396661641-0,1856947959_PH-30097934851,,1,395.0,395.0,393.15,1.85,24.75,0.0,confirmed,,MP1374654349,dropshipping,2025-09-10 23:23:23+08:00,2025-09-15 15:01:19+08:00
,1039030343624161,,,20250911,1Liter L.A. Collections SHANGRI-LA Hotel Waterbased Diffuser Scents/Linen Spray/ Room Spray,1856947959-1748396661641-0,1856947959_PH-30097934851,,1,395.0,395.0,395.0,0.0,40.5,0.0,confirmed,,MP1375012717,dropshipping,2025-09-11 07:57:54+08:00,2025-09-18 17:57:17+08:00
,1039067122302602,,,20250911,1Liter L.A. Collections SHANGRI-LA Hotel Waterbased Diffuser Scents/Linen Spray/ Room Spray,1856947959-1748396661641-0,1856947959_PH-30097934851,,1,395.0,395.0,254.65,140.35,0.0,0.0,confirmed,,MP1375012944,dropshipping,2025-09-11 10:10:43+08:00,2025-09-15 13:19:07+08:00
,1031304230272837,,,20250911,1L Waterbased Humidifier Scent,4896157465-1736809929399-0,4896157465_PH-28517434716,Scent:Shangrila,1,395.0,395.0,395.0,0.0,61.2,0.0,confirmed,,MP1375268046,dropshipping,2025-09-11 18:56:06+08:00,2025-09-19 17:50:06+08:00
,1039419171462408,,,20250912,Melon Cucumber Waterbased Humidifier &  Diffuser Scent by LA Collections,3583313195-1676440088441-0,3583313195_PH-18525646548,,1,395.0,395.0,375.25,19.75,0.0,0.0,confirmed,,820132772088,dropshipping,2025-09-12 09:13:36+08:00,2025-09-17 13:09:45+08:00
,1039436712498999,,,20250912,1 GALLON Humidifier / Diffuser Scent by L.A. Collections,4337079607-1707399140728-0,4337079607_PH-24334600882,Scent:Shangrila,1,1280.0,1280.0,1280.0,0.0,76.5,0.0,confirmed,,MP1375553137,dropshipping,2025-09-12 09:53:41+08:00,2025-09-19 12:04:12+08:00
,1031526665970546,,,20250912,1Liter L.A. Collections SHANGRI-LA Hotel Waterbased Diffuser Scents/Linen Spray/ Room Spray,1856947959-1748396661641-0,1856947959_PH-30097934851,,1,395.0,395.0,375.25,19.75,0.0,0.0,confirmed,,MP1375727398,dropshipping,2025-09-12 14:23:51+08:00,2025-09-19 13:53:16+08:00
,1031547422321552,,,20250912,L.A. Collections Lavender Humidifer / Diffuser / Linen Spray,LAV,3464151195_PH-17808092447,,1,395.0,395.0,380.0,15.0,0.0,0.0,confirmed,,MP1375727399,dropshipping,2025-09-12 15:14:46+08:00,2025-09-17 15:27:43+08:00
,1031562676326147,,,20250912,1Liter L.A. Collections SHANGRI-LA Hotel Waterbased Diffuser Scents/Linen Spray/ Room Spray,1856947959-1748396661641-0,1856947959_PH-30097934851,,1,395.0,395.0,355.5,39.5,0.0,0.0,confirmed,,MP1375727530,dropshipping,2025-09-12 17:06:20+08:00,2025-09-21 14:08:07+08:00
,1039814154040749,,,20250913,1Liter L.A. Collections SHANGRI-LA Hotel Waterbased Diffuser Scents/Linen Spray/ Room Spray,1856947959-1748396661641-0,1856947959_PH-30097934851,,1,395.0,395.0,395.0,0.0,0.0,0.0,confirmed,,MP1376398387,dropshipping,2025-09-13 20:45:41+08:00,2025-09-22 12:40:00+08:00
,1031865859747890,,,20250913,1Liter L.A. Collections SHANGRI-LA Hotel Waterbased Diffuser Scents/Linen Spray/ Room Spray,1856947959-1748396661641-0,1856947959_PH-30097934851,,1,395.0,395.0,345.2,49.8,61.2,0.0,confirmed,,MP1376398207,dropshipping,2025-09-13 22:14:36+08:00,2025-09-22 14:28:00+08:00
,1039844965145571,,,20250913,1Liter L.A. Collections SHANGRI-LA Hotel Waterbased Diffuser Scents/Linen Spray/ Room Spray,1856947959-1748396661641-0,1856947959_PH-30097934851,,1,395.0,395.0,395.0,0.0,24.75,0.0,confirmed,,MP1376398167,dropshipping,2025-09-13 23:46:06+08:00,2025-09-20 13:35:08+08:00
,1039844965245571,,,20250913,1Liter L.A. Collections SHANGRI-LA Hotel Waterbased Diffuser Scents/Linen Spray/ Room Spray,1856947959-1748396661641-0,1856947959_PH-30097934851,,1,395.0,395.0,395.0,0.0,24.75,0.0,confirmed,,MP1376398167,dropshipping,2025-09-13 23:46:06+08:00,2025-09-20 13:35:08+08:00
,1039894338493219,,,20250914,1 Liter L.A. Collections Fresh Bamboo Waterbased Scent for  Humidifiers/Diffusers/Linen Spray,3368572353-1738239695642-0,3368572353_PH-28661617725,,1,380.0,380.0,361.0,19.0,0.0,0.0,confirmed,,MP1376398386,dropshipping,2025-09-14 07:48:29+08:00,2025-09-18 20:09:21+08:00
,1039914350556970,,,20250914,1Liter L.A. Collections SHANGRI-LA Hotel Waterbased Diffuser Scents/Linen Spray/ Room Spray,1856947959-1748396661641-0,1856947959_PH-30097934851,,1,395.0,395.0,395.0,0.0,40.5,0.0,confirmed,,MP1376398206,dropshipping,2025-09-14 09:36:19+08:00,2025-09-21 00:31:43+08:00
,1031975060744608,,,20250914,1Liter L.A. Collections SHANGRI-LA Hotel Waterbased Diffuser Scents/Linen Spray/ Room Spray,1856947959-1748396661641-0,1856947959_PH-30097934851,,1,395.0,395.0,395.0,0.0,0.0,0.0,canceled,I changed my mind,,dropshipping,2025-09-14 11:51:27+08:00,2025-09-16 12:18:22+08:00
,1040043115982979,,,20250914,1Liter L.A. Collections SHANGRI-LA Hotel Waterbased Diffuser Scents/Linen Spray/ Room Spray,1856947959-1748396661641-0,1856947959_PH-30097934851,,1,395.0,395.0,369.02,25.98,94.0,0.0,confirmed,,820132970341,dropshipping,2025-09-14 17:57:29+08:00,2025-09-21 13:48:55+08:00
,1040043116082979,,,20250914,1Liter L.A. Collections SHANGRI-LA Hotel Waterbased Diffuser Scents/Linen Spray/ Room Spray,1856947959-1748396661641-0,1856947959_PH-30097934851,,1,395.0,395.0,369.02,25.98,94.0,0.0,confirmed,,820132970341,dropshipping,2025-09-14 17:57:29+08:00,2025-09-21 13:48:55+08:00
,1040089510647000,,,20250914,1 LITER L.A. COLLECTIONS OKADA Hotel Diffuser Scent/ Linen Spray/ Room spray,1857030628-1617524196393-0,1857030628_PH-7870989083,,1,395.0,395.0,357.58,37.42,40.5,0.0,canceled,Change payment method,,dropshipping,2025-09-14 20:52:50+08:00,2025-09-16 13:15:08+08:00
,1040086561147000,,,20250914,1 LITER L.A. COLLECTIONS OKADA Hotel Diffuser Scent/ Linen Spray/ Room spray,1857030628-1617524196393-0,1857030628_PH-7870989083,,1,395.0,395.0,395.0,0.0,0.0,0.0,confirmed,,MP1376398111,dropshipping,2025-09-14 21:06:22+08:00,2025-09-21 14:13:12+08:00
,1032119055300466,,,20250914,Rattan Sticks for Reed Diffusers (5PCS),4726844228-1729943500336-0,4726844228_PH-27339128266,Color family:Brown,1,30.0,30.0,30.0,0.0,4.5,0.0,confirmed,,P8120DSS212AE,dropshipping,2025-09-14 21:44:01+08:00,2025-09-25 17:32:50+08:00
,1032119055400466,,,20250914,Rattan Sticks for Reed Diffusers (5PCS),4726844228-1729943500336-0,4726844228_PH-27339128266,Color family:Brown,1,30.0,30.0,30.0,0.0,4.5,0.0,confirmed,,P8120DSS212AE,dropshipping,2025-09-14 21:44:01+08:00,2025-09-25 17:32:50+08:00
,1032119055500466,,,20250914,Rattan Sticks for Reed Diffusers (5PCS),4726844228-1729943500336-0,4726844228_PH-27339128266,Color family:Brown,1,30.0,30.0,30.0,0.0,4.5,0.0,confirmed,,P8120DSS212AE,dropshipping,2025-09-14 21:44:01+08:00,2025-09-25 17:32:50+08:00
,1032119055600466,,,20250914,Rattan Sticks for Reed Diffusers (5PCS),4726844228-1729943500336-0,4726844228_PH-27339128266,Color family:Brown,1,30.0,30.0,30.0,0.0,4.5,0.0,confirmed,,P8120DSS212AE,dropshipping,2025-09-14 21:44:01+08:00,2025-09-25 17:32:50+08:00
,1032119055700466,,,20250914,Rattan Sticks for Reed Diffusers (5PCS),4726844228-1729943500336-0,4726844228_PH-27339128266,Color family:Brown,1,30.0,30.0,30.0,0.0,4.5,0.0,confirmed,,P8120DSS212AE,dropshipping,2025-09-14 21:44:01+08:00,2025-09-25 17:32:50+08:00
,1032208604961576,,,20250915,1Liter L.A. Collections SHANGRI-LA Hotel Waterbased Diffuser Scents/Linen Spray/ Room Spray,1856947959-1748396661641-0,1856947959_PH-30097934851,,1,395.0,395.0,375.25,19.75,40.5,0.0,confirmed,,MP1376746536,dropshipping,2025-09-15 08:39:46+08:00,2025-09-21 16:44:29+08:00
,1040199170587760,,,20250915,1 Liter Waterbased White Tea Scent for Humidifier and Diffuser,WT,4435102730_PH-25090520619,,1,388.0,388.0,259.96,128.04,0.0,0.0,confirmed,,MP1376746495,dropshipping,2025-09-15 09:17:59+08:00,2025-09-20 14:58:02+08:00
,1032335435288455,,,20250915,1Liter L.A. Collections SHANGRI-LA Hotel Waterbased Diffuser Scents/Linen Spray/ Room Spray,1856947959-1748396661641-0,1856947959_PH-30097934851,,1,395.0,395.0,395.0,0.0,40.5,0.0,confirmed,,MP1376916855,dropshipping,2025-09-15 16:59:53+08:00,2025-09-19 16:31:39+08:00
,1032469007852328,,,20250916,1Liter L.A. Collections SHANGRI-LA Hotel Waterbased Diffuser Scents/Linen Spray/ Room Spray,1856947959-1748396661641-0,1856947959_PH-30097934851,,1,395.0,395.0,395.0,0.0,40.5,0.0,confirmed,,MP1376916776,dropshipping,2025-09-16 05:21:27+08:00,2025-09-20 16:12:51+08:00
,1032664018806874,,,20250916,1 Liter L.A. Collections Fresh Bamboo Waterbased Scent for  Humidifiers/Diffusers/Linen Spray,3368572353-1738239695642-0,3368572353_PH-28661617725,,1,380.0,380.0,361.0,19.0,0.0,0.0,confirmed,,MP1377347759,dropshipping,2025-09-16 17:36:44+08:00,2025-09-21 13:51:00+08:00
,1032916804611789,,,20250917,1Liter L.A. Collections SHANGRI-LA Hotel Waterbased Diffuser Scents/Linen Spray/ Room Spray,1856947959-1748396661641-0,1856947959_PH-30097934851,,1,395.0,395.0,395.0,0.0,40.5,0.0,confirmed,,MP1377762186,dropshipping,2025-09-17 16:10:43+08:00,2025-09-23 12:22:15+08:00
,1040942519589267,,,20250917,LA COLLECTIONS MARRIOTT Hotel Waterbased Diffuser Scent,1856986844-1617524415466-0,1856986844_PH-7871040075,"Volume (ml):1000, Scent:marriott",1,350.0,350.0,350.0,0.0,40.33,0.0,confirmed,,MP1377761912,dropshipping,2025-09-17 17:26:02+08:00,2025-09-19 19:39:23+08:00
,1040942519689267,,,20250917,Rattan Sticks for Reed Diffusers (5PCS),4726844228-1729943500336-0,4726844228_PH-27339128266,Color family:Brown,1,30.0,30.0,30.0,0.0,0.17,0.0,confirmed,,MP1377761912,dropshipping,2025-09-17 17:26:02+08:00,2025-09-19 19:39:23+08:00
,1032936427536422,,,20250917,1Liter L.A. Collections SHANGRI-LA Hotel Waterbased Diffuser Scents/Linen Spray/ Room Spray,1856947959-1748396661641-0,1856947959_PH-30097934851,,1,395.0,395.0,376.0,19.0,0.0,0.0,confirmed,,MP1377761950,dropshipping,2025-09-17 18:17:46+08:00,2025-09-22 14:25:43+08:00
,1040996335211700,,,20250917,LA Collections Pure Oil Reed Diffuser,3727967121-1681442263070-6,3727967121_PH-19653362639,"Variation3:Green Tea, Variation1:50mL",1,490.0,490.0,465.48,24.52,0.0,0.0,confirmed,,MP1377761812,dropshipping,2025-09-17 22:05:18+08:00,2025-09-20 07:56:14+08:00
,1040996335311700,,,20250917,Rattan Sticks for Reed Diffusers (5PCS),4726844228-1729943500336-1,4726844228_PH-27339128267,Color family:Black,1,30.0,30.0,28.5,1.5,0.0,0.0,confirmed,,MP1377761812,dropshipping,2025-09-17 22:05:18+08:00,2025-09-20 07:56:14+08:00
,1040996335411700,,,20250917,1Liter L.A. Collections SHANGRI-LA Hotel Waterbased Diffuser Scents/Linen Spray/ Room Spray,1856947959-1748396661641-0,1856947959_PH-30097934851,,1,395.0,395.0,375.22,19.78,0.0,0.0,confirmed,,MP1377761812,dropshipping,2025-09-17 22:05:18+08:00,2025-09-20 07:56:14+08:00
,1041005527963596,,,20250917,1Liter L.A. Collections SHANGRI-LA Hotel Waterbased Diffuser Scents/Linen Spray/ Room Spray,1856947959-1748396661641-0,1856947959_PH-30097934851,,1,395.0,395.0,375.25,19.75,0.0,0.0,confirmed,,MP1377762041,dropshipping,2025-09-17 22:50:42+08:00,2025-09-23 20:14:22+08:00
,1041016747672241,,,20250918,1 Liter L.A. Collections Fresh Bamboo Waterbased Scent for  Humidifiers/Diffusers/Linen Spray,3368572353-1738239695642-0,3368572353_PH-28661617725,,1,380.0,380.0,306.0,74.0,40.5,0.0,confirmed,,MP1377762087,dropshipping,2025-09-18 00:16:41+08:00,2025-09-22 12:12:14+08:00
,1033011644751170,,,20250918,1Liter L.A. Collections SHANGRI-LA Hotel Waterbased Diffuser Scents/Linen Spray/ Room Spray,1856947959-1748396661641-0,1856947959_PH-30097934851,,1,330.0,330.0,323.2,6.8,40.5,0.0,confirmed,,MP1377762185,dropshipping,2025-09-18 00:36:43+08:00,2025-09-22 16:15:13+08:00
,1041036577873935,,,20250918,LA COLLECTIONS MARRIOTT Hotel Waterbased Diffuser Scent,1856986844-1617524415466-0,1856986844_PH-7871040075,"Volume (ml):1000, Scent:marriott",1,350.0,350.0,282.2,67.8,0.0,0.0,confirmed,,MP1377761713,dropshipping,2025-09-18 04:46:56+08:00,2025-09-26 14:09:02+08:00
,1033076438857128,,,20250918,1Liter L.A. Collections SHANGRI-LA Hotel Waterbased Diffuser Scents/Linen Spray/ Room Spray,1856947959-1748396661641-0,1856947959_PH-30097934851,,1,330.0,330.0,330.0,0.0,19.75,0.0,confirmed,,310003321736,dropshipping,2025-09-18 10:18:39+08:00,2025-09-23 11:41:09+08:00
,1033076438957128,,,20250918,1Liter L.A. Collections SHANGRI-LA Hotel Waterbased Diffuser Scents/Linen Spray/ Room Spray,1856947959-1748396661641-0,1856947959_PH-30097934851,,1,330.0,330.0,330.0,0.0,19.75,0.0,confirmed,,310003321736,dropshipping,2025-09-18 10:18:39+08:00,2025-09-23 11:41:09+08:00
,1033076439057128,,,20250918,1Liter L.A. Collections SHANGRI-LA Hotel Waterbased Diffuser Scents/Linen Spray/ Room Spray,1856947959-1748396661641-0,1856947959_PH-30097934851,,1,330.0,330.0,330.0,0.0,19.75,0.0,confirmed,,310003321736,dropshipping,2025-09-18 10:18:39+08:00,2025-09-23 11:41:09+08:00
,1033076439157128,,,20250918,1Liter L.A. Collections SHANGRI-LA Hotel Waterbased Diffuser Scents/Linen Spray/ Room Spray,1856947959-1748396661641-0,1856947959_PH-30097934851,,1,330.0,330.0,330.0,0.0,19.75,0.0,confirmed,,310003321736,dropshipping,2025-09-18 10:18:39+08:00,2025-09-23 11:41:09+08:00
,1033076439257128,,,20250918,1Liter L.A. Collections SHANGRI-LA Hotel Waterbased Diffuser Scents/Linen Spray/ Room Spray,1856947959-1748396661641-0,1856947959_PH-30097934851,,1,330.0,330.0,330.0,0.0,19.75,0.0,confirmed,,310003321736,dropshipping,2025-09-18 10:18:39+08:00,2025-09-23 11:41:09+08:00
,1033076439357128,,,20250918,1Liter L.A. Collections SHANGRI-LA Hotel Waterbased Diffuser Scents/Linen Spray/ Room Spray,1856947959-1748396661641-0,1856947959_PH-30097934851,,1,330.0,330.0,330.0,0.0,19.75,0.0,confirmed,,310003321736,dropshipping,2025-09-18 10:18:39+08:00,2025-09-23 11:41:09+08:00
,1033076439457128,,,20250918,1Liter L.A. Collections SHANGRI-LA Hotel Waterbased Diffuser Scents/Linen Spray/ Room Spray,1856947959-1748396661641-0,1856947959_PH-30097934851,,1,330.0,330.0,330.0,0.0,19.75,0.0,confirmed,,310003321736,dropshipping,2025-09-18 10:18:39+08:00,2025-09-23 11:41:09+08:00
,1033076439557128,,,20250918,1Liter L.A. Collections SHANGRI-LA Hotel Waterbased Diffuser Scents/Linen Spray/ Room Spray,1856947959-1748396661641-0,1856947959_PH-30097934851,,1,330.0,330.0,330.0,0.0,19.75,0.0,confirmed,,310003321736,dropshipping,2025-09-18 10:18:39+08:00,2025-09-23 11:41:09+08:00
,1041117774565177,,,20250918,1Liter L.A. Collections SHANGRI-LA Hotel Waterbased Diffuser Scents/Linen Spray/ Room Spray,1856947959-1748396661641-0,1856947959_PH-30097934851,,1,330.0,330.0,330.0,0.0,40.5,0.0,confirmed,,MP1377998217,dropshipping,2025-09-18 12:25:07+08:00,2025-09-22 11:01:44+08:00
,1033130422512238,,,20250918,1Liter L.A. Collections SHANGRI-LA Hotel Waterbased Diffuser Scents/Linen Spray/ Room Spray,1856947959-1748396661641-0,1856947959_PH-30097934851,,1,330.0,330.0,313.5,16.5,0.0,0.0,confirmed,,MP1378141455,dropshipping,2025-09-18 14:14:07+08:00,2025-09-23 13:06:51+08:00
,1041156749726522,,,20250918,1Liter L.A. Collections SHANGRI-LA Hotel Waterbased Diffuser Scents/Linen Spray/ Room Spray,1856947959-1748396661641-0,1856947959_PH-30097934851,,1,330.0,330.0,313.5,16.5,0.0,0.0,confirmed,,820133371229,dropshipping,2025-09-18 15:17:05+08:00,2025-09-26 11:49:34+08:00
,1041179313213876,,,20250918,1Liter L.A. Collections SHANGRI-LA Hotel Waterbased Diffuser Scents/Linen Spray/ Room Spray,1856947959-1748396661641-0,1856947959_PH-30097934851,,1,330.0,330.0,313.5,16.5,40.5,0.0,confirmed,,MP1378141456,dropshipping,2025-09-18 16:23:17+08:00,2025-09-20 17:58:05+08:00
,1041186383774977,,,20250918,1Liter L.A. Collections SHANGRI-LA Hotel Waterbased Diffuser Scents/Linen Spray/ Room Spray,1856947959-1748396661641-0,1856947959_PH-30097934851,,1,330.0,330.0,298.5,31.5,0.0,0.0,confirmed,,MP1378141648,dropshipping,2025-09-18 17:36:03+08:00,2025-09-25 12:29:02+08:00
,1041192169461255,,,20250918,1Liter L.A. Collections SHANGRI-LA Hotel Waterbased Diffuser Scents/Linen Spray/ Room Spray,1856947959-1748396661641-0,1856947959_PH-30097934851,,1,330.0,330.0,313.5,16.5,40.5,0.0,confirmed,,MP1378141778,dropshipping,2025-09-18 17:46:06+08:00,2025-09-25 14:36:25+08:00
,1033219428409752,,,20250918,1Liter L.A. Collections SHANGRI-LA Hotel Waterbased Diffuser Scents/Linen Spray/ Room Spray,1856947959-1748396661641-0,1856947959_PH-30097934851,,1,330.0,330.0,298.5,31.5,0.0,0.0,confirmed,,MP1378141741,dropshipping,2025-09-18 20:38:51+08:00,2025-09-20 20:57:49+08:00
,1033218862399156,,,20250918,1Liter L.A. Collections SHANGRI-LA Hotel Waterbased Diffuser Scents/Linen Spray/ Room Spray,1856947959-1748396661641-0,1856947959_PH-30097934851,,1,330.0,330.0,229.2,100.8,0.0,0.0,confirmed,,MP1378141509,dropshipping,2025-09-18 20:43:20+08:00,2025-09-23 18:00:54+08:00
,1033229854251638,,,20250918,1 Liter L.A. Collections Fresh Bamboo Waterbased Scent for  Humidifiers/Diffusers/Linen Spray,3368572353-1738239695642-0,3368572353_PH-28661617725,,1,380.0,380.0,343.5,36.5,0.0,0.0,confirmed,,820133371139,dropshipping,2025-09-18 21:48:02+08:00,2025-09-20 20:02:55+08:00
,1033229854351638,,,20250918,1 Liter L.A. Collections Fresh Bamboo Waterbased Scent for  Humidifiers/Diffusers/Linen Spray,3368572353-1738239695642-0,3368572353_PH-28661617725,,1,380.0,380.0,343.5,36.5,0.0,0.0,confirmed,,820133371139,dropshipping,2025-09-18 21:48:02+08:00,2025-09-20 20:02:55+08:00
,1033249268494207,,,20250919,1Liter L.A. Collections SHANGRI-LA Hotel Waterbased Diffuser Scents/Linen Spray/ Room Spray,1856947959-1748396661641-0,1856947959_PH-30097934851,,1,330.0,330.0,313.5,16.5,40.5,0.0,confirmed,,MP1378141604,dropshipping,2025-09-19 00:06:51+08:00,2025-09-22 22:08:34+08:00
,1033305274691371,,,20250919,L.A. Collections Lavender Humidifer / Diffuser / Linen Spray,LAV,3464151195_PH-17808092447,,1,395.0,395.0,395.0,0.0,40.5,0.0,confirmed,,MP1378372304,dropshipping,2025-09-19 08:57:36+08:00,2025-09-23 12:07:39+08:00
,1041329336059903,,,20250919,1Liter L.A. Collections SHANGRI-LA Hotel Waterbased Diffuser Scents/Linen Spray/ Room Spray,1856947959-1748396661641-0,1856947959_PH-30097934851,,1,330.0,330.0,330.0,0.0,40.5,0.0,confirmed,,MP1378372209,dropshipping,2025-09-19 09:41:30+08:00,2025-09-23 12:16:18+08:00
,1033339622239318,,,20250919,1 Liter L.A. Collections Fresh Bamboo Waterbased Scent for  Humidifiers/Diffusers/Linen Spray,3368572353-1738239695642-0,3368572353_PH-28661617725,,1,380.0,380.0,361.0,19.0,0.0,0.0,confirmed,,MP1378372075,dropshipping,2025-09-19 10:51:47+08:00,2025-09-20 16:42:47+08:00
,1033339622339318,,,20250919,1Liter L.A. Collections SHANGRI-LA Hotel Waterbased Diffuser Scents/Linen Spray/ Room Spray,1856947959-1748396661641-0,1856947959_PH-30097934851,,1,330.0,330.0,313.5,16.5,0.0,0.0,confirmed,,MP1378372075,dropshipping,2025-09-19 10:51:47+08:00,2025-09-20 16:42:47+08:00
,1033415627473094,,,20250919,1Liter L.A. Collections SHANGRI-LA Hotel Waterbased Diffuser Scents/Linen Spray/ Room Spray,1856947959-1748396661641-0,1856947959_PH-30097934851,,1,330.0,330.0,313.5,16.5,0.0,0.0,confirmed,,MP1378512562,dropshipping,2025-09-19 17:34:29+08:00,2025-09-23 19:45:20+08:00
,1041442765804140,,,20250919,1Liter L.A. Collections SHANGRI-LA Hotel Waterbased Diffuser Scents/Linen Spray/ Room Spray,1856947959-1748396661641-0,1856947959_PH-30097934851,,1,330.0,330.0,229.2,100.8,0.0,0.0,confirmed,,MP1378512659,dropshipping,2025-09-19 19:04:22+08:00,2025-09-26 12:35:07+08:00
,1041462973708312,,,20250919,LA Collections Pure Oil Reed Diffuser,3727967121-1681442263070-10,3727967121_PH-19653362643,"Variation3:Fresh Bamboo, Variation1:50mL",1,490.0,490.0,402.43,87.57,0.0,0.0,confirmed,,MP1378512840,dropshipping,2025-09-19 20:39:30+08:00,2025-09-24 04:35:16+08:00
,1041462973808312,,,20250919,LA Collections Pure Oil Reed Diffuser,3727967121-1681442263070-4,3727967121_PH-19653362637,"Variation3:Solaire, Variation1:50mL",1,490.0,490.0,402.43,87.57,0.0,0.0,confirmed,,MP1378512840,dropshipping,2025-09-19 20:39:30+08:00,2025-09-24 04:35:16+08:00
,1041462973908312,,,20250919,Rattan Sticks for Reed Diffusers (5PCS),4726844228-1729943500336-1,4726844228_PH-27339128267,Color family:Black,1,30.0,30.0,24.64,5.36,0.0,0.0,confirmed,,MP1378512840,dropshipping,2025-09-19 20:39:30+08:00,2025-09-24 04:35:16+08:00
,1033515229623309,,,20250920,1 GALLON Humidifier / Diffuser Scent by L.A. Collections,4337079607-1707399140728-0,4337079607_PH-24334600882,Scent:Shangrila,1,1280.0,1280.0,1157.32,122.68,167.0,0.0,confirmed,,820133509655,dropshipping,2025-09-20 07:48:45+08:00,2025-09-27 08:37:54+08:00
,1033553407899368,,,20250920,1Liter L.A. Collections SHANGRI-LA Hotel Waterbased Diffuser Scents/Linen Spray/ Room Spray,1856947959-1748396661641-0,1856947959_PH-30097934851,,1,395.0,395.0,395.0,0.0,40.5,0.0,confirmed,,MP1378721832,dropshipping,2025-09-20 10:51:27+08:00,2025-09-27 16:44:29+08:00
,1033553435636793,,,20250920,LA COLLECTIONS MARRIOTT Hotel Waterbased Diffuser Scent,1856986844-1617524415466-0,1856986844_PH-7871040075,"Volume (ml):1000, Scent:marriott",1,350.0,350.0,332.5,17.5,0.0,0.0,confirmed,,MP1378721735,dropshipping,2025-09-20 11:09:02+08:00,2025-09-26 14:22:35+08:00
,1033587007682180,,,20250920,L.A. Collections Lavender Humidifer / Diffuser / Linen Spray,LAV,3464151195_PH-17808092447,,1,395.0,395.0,375.25,19.75,0.0,0.0,confirmed,,MP1378721607,dropshipping,2025-09-20 13:49:30+08:00,2025-09-29 15:58:04+08:00
,1033615016445421,,,20250920,1Liter L.A. Collections SHANGRI-LA Hotel Waterbased Diffuser Scents/Linen Spray/ Room Spray,1856947959-1748396661641-0,1856947959_PH-30097934851,,1,395.0,395.0,375.25,19.75,0.0,0.0,confirmed,,MP1379114757,dropshipping,2025-09-20 16:19:19+08:00,2025-09-27 13:39:01+08:00
,1033668620087976,,,20250920,1Liter L.A. Collections SHANGRI-LA Hotel Waterbased Diffuser Scents/Linen Spray/ Room Spray,1856947959-1748396661641-0,1856947959_PH-30097934851,,1,395.0,395.0,375.25,19.75,40.5,0.0,confirmed,,MP1379114673,dropshipping,2025-09-20 21:04:58+08:00,2025-09-26 16:07:32+08:00
,1033679806199998,,,20250920,1Liter L.A. Collections SHANGRI-LA Hotel Waterbased Diffuser Scents/Linen Spray/ Room Spray,1856947959-1748396661641-0,1856947959_PH-30097934851,,1,395.0,395.0,360.25,34.75,0.0,0.0,confirmed,,MP1379114863,dropshipping,2025-09-20 21:50:51+08:00,2025-09-28 05:30:44+08:00
,1041749302015029,,,20250921,1 LITER L.A. COLLECTIONS OKADA Hotel Diffuser Scent/ Linen Spray/ Room spray,1857030628-1617524196393-0,1857030628_PH-7870989083,,1,395.0,395.0,395.0,0.0,24.75,0.0,confirmed,,MP1379114941,dropshipping,2025-09-21 05:11:59+08:00,2025-09-24 22:38:56+08:00
,1041749302115029,,,20250921,1 LITER L.A. COLLECTIONS OKADA Hotel Diffuser Scent/ Linen Spray/ Room spray,1857030628-1617524196393-0,1857030628_PH-7870989083,,1,395.0,395.0,395.0,0.0,24.75,0.0,confirmed,,MP1379114941,dropshipping,2025-09-21 05:11:59+08:00,2025-09-24 22:38:56+08:00
,1033818844554542,,,20250921,1Liter L.A. Collections SHANGRI-LA Hotel Waterbased Diffuser Scents/Linen Spray/ Room Spray,1856947959-1748396661641-0,1856947959_PH-30097934851,,1,395.0,395.0,335.83,59.17,0.0,0.0,confirmed,,820133603452,dropshipping,2025-09-21 16:25:48+08:00,2025-09-26 14:49:58+08:00
,1041979528594051,,,20250922,L.A. Collections Lavender Humidifer / Diffuser / Linen Spray,LAV,3464151195_PH-17808092447,,1,395.0,395.0,394.95,0.05,47.25,0.0,confirmed,,MP1379394885,dropshipping,2025-09-22 07:57:19+08:00,2025-09-28 16:40:09+08:00
,1041979528694051,,,20250922,L.A. Collections Lavender Humidifer / Diffuser / Linen Spray,LAV,3464151195_PH-17808092447,,1,395.0,395.0,394.95,0.05,47.25,0.0,confirmed,,MP1379394885,dropshipping,2025-09-22 07:57:19+08:00,2025-09-28 16:40:09+08:00
,1041991979516944,,,20250922,10mL Hanging Car Diffuser by LA Collections,3730272243-1681483587441-0,3730272243_PH-19667622955,Variation3:Shangrila,1,180.0,180.0,171.0,9.0,0.0,0.0,canceled,Want to place a new order with more/different items,,dropshipping,2025-09-22 09:46:02+08:00,2025-09-24 02:24:42+08:00
,1041991979616944,,,20250922,10mL Hanging Car Diffuser by LA Collections,3730272243-1681483587441-7,3730272243_PH-19667622962,Variation3:Marine Squash,1,180.0,180.0,171.0,9.0,0.0,0.0,canceled,Want to place a new order with more/different items,,dropshipping,2025-09-22 09:46:02+08:00,2025-09-24 06:50:03+08:00
,1041991979716944,,,20250922,10mL Hanging Car Diffuser by LA Collections,3730272243-1681483587441-1,3730272243_PH-19667622956,Variation3:Fresh Bamboo,1,180.0,180.0,171.0,9.0,0.0,0.0,canceled,Want to place a new order with more/different items,,dropshipping,2025-09-22 09:46:02+08:00,2025-09-24 03:22:18+08:00
,1042000915116944,,,20250922,10mL Hanging Car Diffuser by LA Collections,3730272243-1681483587441-7,3730272243_PH-19667622962,Variation3:Marine Squash,1,180.0,180.0,159.33,20.67,0.0,0.0,confirmed,,MP1379394569,dropshipping,2025-09-22 09:49:24+08:00,2025-09-25 07:45:00+08:00
,1042000915216944,,,20250922,10mL Hanging Car Diffuser by LA Collections,3730272243-1681483587441-1,3730272243_PH-19667622956,Variation3:Fresh Bamboo,1,180.0,180.0,159.33,20.67,0.0,0.0,confirmed,,MP1379394569,dropshipping,2025-09-22 09:49:24+08:00,2025-09-25 07:45:00+08:00
,1042000915316944,,,20250922,10mL Hanging Car Diffuser by LA Collections,3730272243-1681483587441-0,3730272243_PH-19667622955,Variation3:Shangrila,1,180.0,180.0,159.34,20.66,0.0,0.0,confirmed,,MP1379394569,dropshipping,2025-09-22 09:49:24+08:00,2025-09-25 07:45:00+08:00
,1033974809772551,,,20250922,LED 500mL Ultrasonic Diffuser for Essential Oils/ Waterbased Scent with Remote,5175120341-1752677181110-0,5175120341_PH-30683243468,,1,649.0,649.0,638.76,10.24,0.0,0.0,confirmed,,820133665278,dropshipping,2025-09-22 10:29:05+08:00,2025-10-03 11:29:39+08:00
,1033974809872551,,,20250922,(COD)  1 Liter Peppermint Waterbased Humidifier Scent,P,3884388412_PH-20793032962,,1,350.0,350.0,344.48,5.52,0.0,0.0,confirmed,,820133665278,dropshipping,2025-09-22 10:29:05+08:00,2025-10-03 11:29:39+08:00
,1033974809972551,,,20250922,1Liter L.A. Collections SHANGRI-LA Hotel Waterbased Diffuser Scents/Linen Spray/ Room Spray,1856947959-1748396661641-0,1856947959_PH-30097934851,,1,395.0,395.0,388.76,6.24,0.0,0.0,confirmed,,820133665278,dropshipping,2025-09-22 10:29:05+08:00,2025-10-03 11:29:39+08:00
,1042018704711343,,,20250922,(COD)  1 Liter Peppermint Waterbased Humidifier Scent,P,3884388412_PH-20793032962,,1,350.0,350.0,350.0,0.0,0.0,0.0,confirmed,,MP1379394689,dropshipping,2025-09-22 10:57:09+08:00,2025-09-27 14:06:25+08:00
,1034001657618013,,,20250922,1 Liter L.A. Collections Fresh Bamboo Waterbased Scent for  Humidifiers/Diffusers/Linen Spray,3368572353-1738239695642-0,3368572353_PH-28661617725,,1,380.0,380.0,281.2,98.8,0.0,0.0,confirmed,,MP1379394738,dropshipping,2025-09-22 12:45:17+08:00,2025-09-24 13:06:48+08:00
,1034051433051359,,,20250922,1Liter L.A. Collections SHANGRI-LA Hotel Waterbased Diffuser Scents/Linen Spray/ Room Spray,1856947959-1748396661641-0,1856947959_PH-30097934851,,1,395.0,395.0,395.0,0.0,170.0,0.0,confirmed,,820133709049,dropshipping,2025-09-22 16:03:18+08:00,2025-10-05 13:11:07+08:00
,1042087124269816,,,20250922,1Liter L.A. Collections SHANGRI-LA Hotel Waterbased Diffuser Scents/Linen Spray/ Room Spray,1856947959-1748396661641-0,1856947959_PH-30097934851,,1,395.0,395.0,345.25,49.75,0.0,0.0,confirmed,,MP1379576174,dropshipping,2025-09-22 16:22:20+08:00,2025-09-28 15:55:25+08:00
,1034055892860491,,,20250922,1 LITER L.A. COLLECTIONS OKADA Hotel Diffuser Scent/ Linen Spray/ Room spray,1857030628-1617524196393-0,1857030628_PH-7870989083,,1,395.0,395.0,390.3,4.7,0.0,0.0,confirmed,,MP1379576586,dropshipping,2025-09-22 17:32:38+08:00,2025-09-27 12:39:51+08:00
,1042121121508017,,,20250922,1 Liter L.A. Collections Fresh Bamboo Waterbased Scent for  Humidifiers/Diffusers/Linen Spray,3368572353-1738239695642-0,3368572353_PH-28661617725,,1,380.0,380.0,338.5,41.5,0.0,0.0,confirmed,,MP1379576529,dropshipping,2025-09-22 18:57:52+08:00,2025-09-27 15:16:49+08:00
,1042121121608017,,,20250922,1 Liter L.A. Collections Fresh Bamboo Waterbased Scent for  Humidifiers/Diffusers/Linen Spray,3368572353-1738239695642-0,3368572353_PH-28661617725,,1,380.0,380.0,338.5,41.5,0.0,0.0,confirmed,,MP1379576529,dropshipping,2025-09-22 18:57:52+08:00,2025-09-27 15:16:49+08:00
,1034112039246168,,,20250922,1Liter L.A. Collections SHANGRI-LA Hotel Waterbased Diffuser Scents/Linen Spray/ Room Spray,1856947959-1748396661641-0,1856947959_PH-30097934851,,1,395.0,395.0,349.68,45.32,28.58,0.0,confirmed,,MP1379576201,dropshipping,2025-09-22 21:16:38+08:00,2025-09-27 10:39:35+08:00
,1034112039346168,,,20250922,10mL Hanging Car Diffuser by LA Collections,3730272243-1681483587441-0,3730272243_PH-19667622955,Variation3:Shangrila,1,180.0,180.0,169.49,10.51,11.92,0.0,confirmed,,MP1379576201,dropshipping,2025-09-22 21:16:38+08:00,2025-09-27 10:39:35+08:00
,1042168546641840,,,20250922,1 Liter L.A. Collections Fresh Bamboo Waterbased Scent for  Humidifiers/Diffusers/Linen Spray,3368572353-1738239695642-0,3368572353_PH-28661617725,,1,380.0,380.0,361.0,19.0,0.0,0.0,confirmed,,MP1379576530,dropshipping,2025-09-22 23:35:41+08:00,2025-09-27 16:00:29+08:00
,1034162660457694,,,20250923,1Liter L.A. Collections SHANGRI-LA Hotel Waterbased Diffuser Scents/Linen Spray/ Room Spray,1856947959-1748396661641-0,1856947959_PH-30097934851,,1,395.0,395.0,395.0,0.0,24.75,0.0,confirmed,,MP1379809111,dropshipping,2025-09-23 06:29:59+08:00,2025-09-27 22:00:08+08:00
,1034162660557694,,,20250923,1Liter L.A. Collections SHANGRI-LA Hotel Waterbased Diffuser Scents/Linen Spray/ Room Spray,1856947959-1748396661641-0,1856947959_PH-30097934851,,1,395.0,395.0,395.0,0.0,24.75,0.0,confirmed,,MP1379809111,dropshipping,2025-09-23 06:29:59+08:00,2025-09-27 22:00:08+08:00
,1034196057322248,,,20250923,10mL Hanging Car Diffuser by LA Collections,3730272243-1681483587441-0,3730272243_PH-19667622955,Variation3:Shangrila,1,180.0,180.0,158.83,21.17,29.25,0.0,confirmed,,820133761573,dropshipping,2025-09-23 09:52:45+08:00,2025-09-28 14:08:36+08:00
,1034196057422248,,,20250923,10mL Hanging Car Diffuser by LA Collections,3730272243-1681483587441-0,3730272243_PH-19667622955,Variation3:Shangrila,1,180.0,180.0,158.83,21.17,29.25,0.0,confirmed,,820133761573,dropshipping,2025-09-23 09:52:45+08:00,2025-09-28 14:08:36+08:00
,1042294504456972,,,20250923,Rattan Sticks for Reed Diffusers (5PCS),4726844228-1729943500336-0,4726844228_PH-27339128266,Color family:Brown,1,30.0,30.0,28.5,1.5,19.0,0.0,confirmed,,MP1379955708,dropshipping,2025-09-23 14:15:12+08:00,2025-09-25 13:07:15+08:00
,1042294504556972,,,20250923,Rattan Sticks for Reed Diffusers (5PCS),4726844228-1729943500336-0,4726844228_PH-27339128266,Color family:Brown,1,30.0,30.0,28.5,1.5,19.0,0.0,confirmed,,MP1379955708,dropshipping,2025-09-23 14:15:12+08:00,2025-09-25 13:07:15+08:00
,1034357873966725,,,20250923,1Liter L.A. Collections SHANGRI-LA Hotel Waterbased Diffuser Scents/Linen Spray/ Room Spray,1856947959-1748396661641-0,1856947959_PH-30097934851,,1,395.0,395.0,352.78,42.22,40.5,0.0,confirmed,,MP1379955802,dropshipping,2025-09-23 22:41:10+08:00,2025-09-27 10:59:05+08:00
,1042442755782065,,,20250924,1Liter L.A. Collections SHANGRI-LA Hotel Waterbased Diffuser Scents/Linen Spray/ Room Spray,1856947959-1748396661641-0,1856947959_PH-30097934851,,1,395.0,395.0,395.0,0.0,40.5,0.0,confirmed,,MP1380163702,dropshipping,2025-09-24 07:36:39+08:00,2025-09-27 17:18:55+08:00
,1034449669426852,,,20250924,1L Waterbased Humidifier Scent,4896157465-1736809929400-4,4896157465_PH-28517434720,Scent:Solaire,1,395.0,395.0,395.0,0.0,22.5,0.0,confirmed,,MP1380163476,dropshipping,2025-09-24 10:56:44+08:00,2025-09-26 19:39:03+08:00
,1034449669526852,,,20250924,1L Waterbased Humidifier Scent,4896157465-1736809929399-1,4896157465_PH-28517434717,Scent:Okada,1,395.0,395.0,395.0,0.0,22.5,0.0,confirmed,,MP1380163476,dropshipping,2025-09-24 10:56:44+08:00,2025-09-26 19:39:03+08:00
,1034449669626852,,,20250924,1L Waterbased Humidifier Scent,4896157465-1747799557908-9,4896157465_PH-30052318342,Scent:Conrad,1,395.0,395.0,395.0,0.0,22.5,0.0,confirmed,,MP1380163476,dropshipping,2025-09-24 10:56:44+08:00,2025-09-26 19:39:03+08:00
,1034458469617774,,,20250924,1Liter L.A. Collections SHANGRI-LA Hotel Waterbased Diffuser Scents/Linen Spray/ Room Spray,1856947959-1748396661641-0,1856947959_PH-30097934851,,1,395.0,395.0,375.25,19.75,0.0,0.0,confirmed,,MP1380163703,dropshipping,2025-09-24 11:38:10+08:00,2025-09-25 13:17:10+08:00
,1042482380458325,,,20250924,1Liter L.A. Collections SHANGRI-LA Hotel Waterbased Diffuser Scents/Linen Spray/ Room Spray,1856947959-1748396661641-0,1856947959_PH-30097934851,,1,395.0,395.0,358.12,36.88,40.5,0.0,confirmed,,MP1380163475,dropshipping,2025-09-24 11:41:51+08:00,2025-09-25 14:51:44+08:00
,1042587308201077,,,20250924,1Liter L.A. Collections SHANGRI-LA Hotel Waterbased Diffuser Scents/Linen Spray/ Room Spray,1856947959-1748396661641-0,1856947959_PH-30097934851,,1,395.0,395.0,361.5,33.5,0.0,0.0,confirmed,,MP1380303121,dropshipping,2025-09-24 19:20:34+08:00,2025-09-27 14:31:16+08:00
,1034586883305451,,,20250924,1Liter L.A. Collections SHANGRI-LA Hotel Waterbased Diffuser Scents/Linen Spray/ Room Spray,1856947959-1748396661641-0,1856947959_PH-30097934851,,1,395.0,395.0,375.25,19.75,61.2,0.0,confirmed,,MP1380302925,dropshipping,2025-09-24 23:11:46+08:00,2025-09-29 11:05:30+08:00
,1042670719391439,,,20250925,1Liter L.A. Collections SHANGRI-LA Hotel Waterbased Diffuser Scents/Linen Spray/ Room Spray,1856947959-1748396661641-0,1856947959_PH-30097934851,,1,395.0,395.0,395.0,0.0,40.5,0.0,confirmed,,MP1380513975,dropshipping,2025-09-25 07:51:55+08:00,2025-10-02 18:06:02+08:00
,1034638277173263,,,20250925,1Liter L.A. Collections SHANGRI-LA Hotel Waterbased Diffuser Scents/Linen Spray/ Room Spray,1856947959-1748396661641-0,1856947959_PH-30097934851,,1,395.0,395.0,395.0,0.0,52.0,0.0,confirmed,,MP1380514280,dropshipping,2025-09-25 08:26:58+08:00,2025-10-06 13:00:19+08:00
,1034638277273263,,,20250925,1Liter L.A. Collections SHANGRI-LA Hotel Waterbased Diffuser Scents/Linen Spray/ Room Spray,1856947959-1748396661641-0,1856947959_PH-30097934851,,1,395.0,395.0,395.0,0.0,52.0,0.0,confirmed,,MP1380514280,dropshipping,2025-09-25 08:26:58+08:00,2025-10-06 13:00:19+08:00
,1034638277373263,,,20250925,1Liter L.A. Collections SHANGRI-LA Hotel Waterbased Diffuser Scents/Linen Spray/ Room Spray,1856947959-1748396661641-0,1856947959_PH-30097934851,,1,395.0,395.0,395.0,0.0,52.0,0.0,confirmed,,MP1380514280,dropshipping,2025-09-25 08:26:58+08:00,2025-10-06 13:00:19+08:00
,1042671386173263,,,20250925,1Liter L.A. Collections SHANGRI-LA Hotel Waterbased Diffuser Scents/Linen Spray/ Room Spray,1856947959-1748396661641-0,1856947959_PH-30097934851,,1,395.0,395.0,395.0,0.0,52.0,0.0,confirmed,,MP1380514145,dropshipping,2025-09-25 08:28:15+08:00,2025-10-06 13:00:18+08:00
,1042671386273263,,,20250925,1Liter L.A. Collections SHANGRI-LA Hotel Waterbased Diffuser Scents/Linen Spray/ Room Spray,1856947959-1748396661641-0,1856947959_PH-30097934851,,1,395.0,395.0,395.0,0.0,52.0,0.0,confirmed,,MP1380514145,dropshipping,2025-09-25 08:28:15+08:00,2025-10-06 13:00:18+08:00
,1042671386373263,,,20250925,1Liter L.A. Collections SHANGRI-LA Hotel Waterbased Diffuser Scents/Linen Spray/ Room Spray,1856947959-1748396661641-0,1856947959_PH-30097934851,,1,395.0,395.0,395.0,0.0,52.0,0.0,confirmed,,MP1380514145,dropshipping,2025-09-25 08:28:15+08:00,2025-10-06 13:00:18+08:00
,1034689000267304,,,20250925,1Liter L.A. Collections SHANGRI-LA Hotel Waterbased Diffuser Scents/Linen Spray/ Room Spray,1856947959-1748396661641-0,1856947959_PH-30097934851,,1,395.0,395.0,375.25,19.75,0.0,0.0,confirmed,,MP1380514055,dropshipping,2025-09-25 11:33:22+08:00,2025-09-30 13:23:02+08:00
,1034689000367304,,,20250925,1Liter L.A. Collections SHANGRI-LA Hotel Waterbased Diffuser Scents/Linen Spray/ Room Spray,1856947959-1748396661641-0,1856947959_PH-30097934851,,1,395.0,395.0,375.25,19.75,0.0,0.0,confirmed,,MP1380514055,dropshipping,2025-09-25 11:33:22+08:00,2025-09-30 13:23:02+08:00
,1034729640487929,,,20250925,1 LITER L.A. COLLECTIONS OKADA Hotel Diffuser Scent/ Linen Spray/ Room spray,1857030628-1617524196393-0,1857030628_PH-7870989083,,1,395.0,395.0,392.84,2.16,84.15,0.0,confirmed,,MP1380647368,dropshipping,2025-09-25 15:20:23+08:00,2025-10-05 15:04:14+08:00
,1034765266400867,,,20250925,1Liter L.A. Collections SHANGRI-LA Hotel Waterbased Diffuser Scents/Linen Spray/ Room Spray,1856947959-1748396661641-0,1856947959_PH-30097934851,,1,395.0,395.0,395.0,0.0,0.0,0.0,confirmed,,MP1380647486,dropshipping,2025-09-25 19:08:24+08:00,2025-09-30 19:27:28+08:00
,1034824210750509,,,20250925,1Liter L.A. Collections SHANGRI-LA Hotel Waterbased Diffuser Scents/Linen Spray/ Room Spray,1856947959-1748396661641-0,1856947959_PH-30097934851,,1,395.0,395.0,375.25,19.75,40.5,0.0,confirmed,,MP1380647260,dropshipping,2025-09-25 22:25:55+08:00,2025-09-27 19:02:22+08:00
,1034874071213560,,,20250926,(COD)  1 Liter Peppermint Waterbased Humidifier Scent,P,3884388412_PH-20793032962,,1,350.0,350.0,332.5,17.5,0.0,0.0,confirmed,,MP1380852634,dropshipping,2025-09-26 08:40:32+08:00,2025-10-02 19:24:15+08:00
,1034877087561337,,,20250926,1Liter L.A. Collections SHANGRI-LA Hotel Waterbased Diffuser Scents/Linen Spray/ Room Spray,1856947959-1748396661641-0,1856947959_PH-30097934851,,1,395.0,395.0,395.0,0.0,40.5,0.0,confirmed,,MP1380852495,dropshipping,2025-09-26 09:00:35+08:00,2025-09-30 14:38:55+08:00
,1042906762004161,,,20250926,1Liter L.A. Collections SHANGRI-LA Hotel Waterbased Diffuser Scents/Linen Spray/ Room Spray,1856947959-1748396661641-0,1856947959_PH-30097934851,,1,395.0,395.0,360.25,34.75,0.0,0.0,confirmed,,MP1380852590,dropshipping,2025-09-26 09:40:26+08:00,2025-10-09 13:45:50+08:00
,1034886865900993,,,20250926,1L Waterbased CITRONELLA Scent by LA Collections,4921156480-1738556579317-0,4921156480_PH-28672858926,,1,380.0,380.0,329.4,50.6,0.0,0.0,confirmed,,MP1380852731,dropshipping,2025-09-26 09:44:58+08:00,2025-10-02 17:09:11+08:00
,1034886866000993,,,20250926,(COD)  1 Liter Peppermint Waterbased Humidifier Scent,P,3884388412_PH-20793032962,,1,350.0,350.0,303.39,46.61,0.0,0.0,confirmed,,MP1380852731,dropshipping,2025-09-26 09:44:58+08:00,2025-10-02 17:09:11+08:00
,1042931334888115,,,20250926,1 Liter Waterbased White Tea Scent for Humidifier and Diffuser,WT,4435102730_PH-25090520619,,1,388.0,388.0,388.0,0.0,22.0,0.0,confirmed,,310003343301,dropshipping,2025-09-26 11:03:42+08:00,2025-10-02 14:58:58+08:00
,1042931334988115,,,20250926,1 Liter Waterbased White Tea Scent for Humidifier and Diffuser,WT,4435102730_PH-25090520619,,1,388.0,388.0,388.0,0.0,22.0,0.0,confirmed,,310003343301,dropshipping,2025-09-26 11:03:42+08:00,2025-10-02 14:58:58+08:00
,1042931335088115,,,20250926,1 Liter Waterbased White Tea Scent for Humidifier and Diffuser,WT,4435102730_PH-25090520619,,1,388.0,388.0,388.0,0.0,22.0,0.0,confirmed,,310003343301,dropshipping,2025-09-26 11:03:42+08:00,2025-10-02 14:58:58+08:00
,1042931335188115,,,20250926,1 Liter Waterbased White Tea Scent for Humidifier and Diffuser,WT,4435102730_PH-25090520619,,1,388.0,388.0,388.0,0.0,22.0,0.0,confirmed,,310003343301,dropshipping,2025-09-26 11:03:42+08:00,2025-10-02 14:58:58+08:00
,1042931335288115,,,20250926,1 Liter Waterbased White Tea Scent for Humidifier and Diffuser,WT,4435102730_PH-25090520619,,1,388.0,388.0,388.0,0.0,22.0,0.0,confirmed,,310003343301,dropshipping,2025-09-26 11:03:42+08:00,2025-10-02 14:58:58+08:00
,1042931335388115,,,20250926,1 Liter Waterbased White Tea Scent for Humidifier and Diffuser,WT,4435102730_PH-25090520619,,1,388.0,388.0,388.0,0.0,22.0,0.0,confirmed,,310003343301,dropshipping,2025-09-26 11:03:42+08:00,2025-10-02 14:58:58+08:00
,1042931335488115,,,20250926,1 Liter Waterbased White Tea Scent for Humidifier and Diffuser,WT,4435102730_PH-25090520619,,1,388.0,388.0,388.0,0.0,22.0,0.0,confirmed,,310003343301,dropshipping,2025-09-26 11:03:42+08:00,2025-10-02 14:58:58+08:00
,1042931335588115,,,20250926,1 Liter Waterbased White Tea Scent for Humidifier and Diffuser,WT,4435102730_PH-25090520619,,1,388.0,388.0,388.0,0.0,22.0,0.0,confirmed,,310003343301,dropshipping,2025-09-26 11:03:42+08:00,2025-10-02 14:58:58+08:00
,1042931335688115,,,20250926,1 Liter Waterbased White Tea Scent for Humidifier and Diffuser,WT,4435102730_PH-25090520619,,1,388.0,388.0,388.0,0.0,22.0,0.0,confirmed,,310003343301,dropshipping,2025-09-26 11:03:42+08:00,2025-10-02 14:58:58+08:00
,1042931335788115,,,20250926,1 Liter Waterbased White Tea Scent for Humidifier and Diffuser,WT,4435102730_PH-25090520619,,1,388.0,388.0,388.0,0.0,22.0,0.0,confirmed,,310003343301,dropshipping,2025-09-26 11:03:42+08:00,2025-10-02 14:58:58+08:00
,1042999112963991,,,20250926,1 GALLON Humidifier / Diffuser Scent by L.A. Collections,4337079607-1707399140728-0,4337079607_PH-24334600882,Scent:Shangrila,1,1280.0,1280.0,1280.0,0.0,76.5,0.0,confirmed,,MP1381000444,dropshipping,2025-09-26 16:04:23+08:00,2025-10-02 12:31:38+08:00
,1042986790204564,,,20250926,1Liter L.A. Collections SHANGRI-LA Hotel Waterbased Diffuser Scents/Linen Spray/ Room Spray,1856947959-1748396661641-0,1856947959_PH-30097934851,,1,395.0,395.0,395.0,0.0,40.5,0.0,confirmed,,MP1381000631,dropshipping,2025-09-26 16:09:46+08:00,2025-09-30 20:33:53+08:00
,1035057211226541,,,20250926,1Liter L.A. Collections SHANGRI-LA Hotel Waterbased Diffuser Scents/Linen Spray/ Room Spray,1856947959-1748396661641-0,1856947959_PH-30097934851,,1,395.0,395.0,237.55,157.45,0.0,0.0,confirmed,,MP1381000581,dropshipping,2025-09-26 23:41:35+08:00,2025-10-02 13:04:33+08:00
,1035108837257188,,,20250927,1Liter L.A. Collections SHANGRI-LA Hotel Waterbased Diffuser Scents/Linen Spray/ Room Spray,1856947959-1748396661641-0,1856947959_PH-30097934851,,1,395.0,395.0,395.0,0.0,40.5,0.0,confirmed,,MP1381192806,dropshipping,2025-09-27 09:30:28+08:00,2025-10-03 14:08:42+08:00
,1043133377246023,,,20250927,1Liter L.A. Collections SHANGRI-LA Hotel Waterbased Diffuser Scents/Linen Spray/ Room Spray,1856947959-1748396661641-0,1856947959_PH-30097934851,,1,395.0,395.0,375.25,19.75,0.0,0.0,confirmed,,MP1381192941,dropshipping,2025-09-27 09:55:13+08:00,2025-10-03 11:32:26+08:00
,1035116421660270,,,20250927,1 LITER L.A. COLLECTIONS OKADA Hotel Diffuser Scent/ Linen Spray/ Room spray,1857030628-1617524196393-0,1857030628_PH-7870989083,,1,395.0,395.0,395.0,0.0,40.5,0.0,confirmed,,MP1381192720,dropshipping,2025-09-27 10:16:01+08:00,2025-10-03 16:15:50+08:00
,1035123057621500,,,20250927,1L Waterbased Humidifier Scent,4896157465-1736809929400-4,4896157465_PH-28517434720,Scent:Solaire,1,395.0,395.0,395.0,0.0,24.75,0.0,confirmed,,MP1381193078,dropshipping,2025-09-27 11:04:03+08:00,2025-10-03 12:31:35+08:00
,1035123057721500,,,20250927,1L Waterbased Humidifier Scent,4896157465-1736809929400-4,4896157465_PH-28517434720,Scent:Solaire,1,395.0,395.0,395.0,0.0,24.75,0.0,confirmed,,MP1381193078,dropshipping,2025-09-27 11:04:03+08:00,2025-10-03 12:31:35+08:00
,1035142213397398,,,20250927,1Liter L.A. Collections SHANGRI-LA Hotel Waterbased Diffuser Scents/Linen Spray/ Room Spray,1856947959-1748396661641-0,1856947959_PH-30097934851,,1,395.0,395.0,342.4,52.6,0.0,0.0,confirmed,,MP1381192904,dropshipping,2025-09-27 11:59:16+08:00,2025-10-04 13:27:37+08:00
,1043165138612213,,,20250927,1L Waterbased Humidifier Scent,4896157465-1736809929399-0,4896157465_PH-28517434716,Scent:Shangrila,1,395.0,395.0,375.25,19.75,0.0,0.0,confirmed,,MP1381192985,dropshipping,2025-09-27 12:13:48+08:00,2025-10-01 14:39:42+08:00
,1035172273784701,,,20250927,1 GALLON Humidifier / Diffuser Scent by L.A. Collections,4337079607-1707399140728-0,4337079607_PH-24334600882,Scent:Shangrila,1,1280.0,1280.0,1280.0,0.0,90.5,0.0,delivered,,MP1381540805,dropshipping,2025-09-27 15:42:36+08:00,2025-10-08 16:39:22+08:00
,1035172273884701,,,20250927,1 GALLON Humidifier / Diffuser Scent by L.A. Collections,4337079607-1707399140728-0,4337079607_PH-24334600882,Scent:Shangrila,1,1280.0,1280.0,1280.0,0.0,90.5,0.0,delivered,,MP1381540805,dropshipping,2025-09-27 15:42:36+08:00,2025-10-08 16:39:22+08:00
,1035181094148432,,,20250927,LA COLLECTIONS MARRIOTT Hotel Waterbased Diffuser Scent,1856986844-1617524415466-0,1856986844_PH-7871040075,"Volume (ml):1000, Scent:marriott",1,350.0,350.0,350.0,0.0,19.28,0.0,confirmed,,MP1381540664,dropshipping,2025-09-27 16:38:02+08:00,2025-10-03 10:41:37+08:00
,1035181094248432,,,20250927,LA COLLECTIONS MARRIOTT Hotel Waterbased Diffuser Scent,1856986844-1617524415466-0,1856986844_PH-7871040075,"Volume (ml):1000, Scent:marriott",1,350.0,350.0,350.0,0.0,19.28,0.0,confirmed,,MP1381540664,dropshipping,2025-09-27 16:38:02+08:00,2025-10-03 10:41:37+08:00
,1035181094348432,,,20250927,1Liter L.A. Collections SHANGRI-LA Hotel Waterbased Diffuser Scents/Linen Spray/ Room Spray,1856947959-1748396661641-0,1856947959_PH-30097934851,,1,395.0,395.0,395.0,0.0,18.97,0.0,confirmed,,MP1381540664,dropshipping,2025-09-27 16:38:02+08:00,2025-10-03 10:41:37+08:00
,1035181094448432,,,20250927,1Liter L.A. Collections SHANGRI-LA Hotel Waterbased Diffuser Scents/Linen Spray/ Room Spray,1856947959-1748396661641-0,1856947959_PH-30097934851,,1,395.0,395.0,395.0,0.0,18.97,0.0,confirmed,,MP1381540664,dropshipping,2025-09-27 16:38:02+08:00,2025-10-03 10:41:37+08:00
,1043223918975652,,,20250927,Melon Cucumber Waterbased Humidifier &  Diffuser Scent by LA Collections,3583313195-1676440088441-0,3583313195_PH-18525646548,,1,395.0,395.0,351.3,43.7,0.0,0.0,confirmed,,MP1381540842,dropshipping,2025-09-27 16:40:59+08:00,2025-10-01 19:13:54+08:00
,1043223919075652,,,20250927,1Liter L.A. Collections SHANGRI-LA Hotel Waterbased Diffuser Scents/Linen Spray/ Room Spray,1856947959-1748396661641-0,1856947959_PH-30097934851,,1,395.0,395.0,351.29,43.71,0.0,0.0,confirmed,,MP1381540842,dropshipping,2025-09-27 16:40:59+08:00,2025-10-01 19:13:54+08:00
,1043223919175652,,,20250927,1Liter L.A. Collections SHANGRI-LA Hotel Waterbased Diffuser Scents/Linen Spray/ Room Spray,1856947959-1748396661641-0,1856947959_PH-30097934851,,1,395.0,395.0,351.29,43.71,0.0,0.0,confirmed,,MP1381540842,dropshipping,2025-09-27 16:40:59+08:00,2025-10-01 19:13:54+08:00
,1035201662091501,,,20250927,1Liter L.A. Collections SHANGRI-LA Hotel Waterbased Diffuser Scents/Linen Spray/ Room Spray,1856947959-1748396661641-0,1856947959_PH-30097934851,,1,395.0,395.0,375.25,19.75,0.0,0.0,confirmed,,MP1381540986,dropshipping,2025-09-27 18:17:04+08:00,2025-10-02 02:07:00+08:00
,1035220276710971,,,20250927,1Liter L.A. Collections SHANGRI-LA Hotel Waterbased Diffuser Scents/Linen Spray/ Room Spray,1856947959-1748396661641-0,1856947959_PH-30097934851,,1,395.0,395.0,375.25,19.75,0.0,0.0,confirmed,,820134344502,dropshipping,2025-09-27 19:32:32+08:00,2025-09-30 19:35:00+08:00
,1035311835789256,,,20250928,1Liter L.A. Collections SHANGRI-LA Hotel Waterbased Diffuser Scents/Linen Spray/ Room Spray,1856947959-1748396661641-0,1856947959_PH-30097934851,,1,395.0,395.0,272.55,122.45,0.0,0.0,confirmed,,MP1381540843,dropshipping,2025-09-28 08:28:21+08:00,2025-10-05 14:19:04+08:00
,1043335164311700,,,20250928,10mL Hanging Car Diffuser by LA Collections,3730272243-1681483587441-8,3730272243_PH-19667622963,Variation3:Green Tea,1,180.0,180.0,171.0,9.0,0.0,0.0,confirmed,,820134344244,dropshipping,2025-09-28 09:02:16+08:00,2025-09-30 15:10:20+08:00
,1043335164411700,,,20250928,10mL Hanging Car Diffuser by LA Collections,3730272243-1681483587441-0,3730272243_PH-19667622955,Variation3:Shangrila,1,180.0,180.0,171.0,9.0,0.0,0.0,confirmed,,820134344244,dropshipping,2025-09-28 09:02:16+08:00,2025-09-30 15:10:20+08:00
,1035353255805727,,,20250928,LA COLLECTIONS MARRIOTT Hotel Waterbased Diffuser Scent,1856986844-1617524415466-0,1856986844_PH-7871040075,"Volume (ml):1000, Scent:marriott",1,350.0,350.0,332.5,17.5,49.79,0.0,confirmed,,820134344192,dropshipping,2025-09-28 12:04:10+08:00,2025-10-06 13:54:55+08:00
,1035353255905727,,,20250928,Rattan Sticks for Reed Diffusers (5PCS),4726844228-1729943500336-0,4726844228_PH-27339128266,Color family:Brown,1,30.0,30.0,28.5,1.5,0.21,0.0,confirmed,,820134344192,dropshipping,2025-09-28 12:04:10+08:00,2025-10-06 13:54:55+08:00
,1035425406688148,,,20250928,1Liter L.A. Collections SHANGRI-LA Hotel Waterbased Diffuser Scents/Linen Spray/ Room Spray,1856947959-1748396661641-0,1856947959_PH-30097934851,,1,395.0,395.0,395.0,0.0,60.94,0.0,delivered,,820134344193,dropshipping,2025-09-28 17:53:12+08:00,2025-10-07 17:29:00+08:00
,1035425406788148,,,20250928,Rattan Sticks for Reed Diffusers (5PCS),4726844228-1729943500336-0,4726844228_PH-27339128266,Color family:Brown,1,30.0,30.0,30.0,0.0,0.26,0.0,delivered,,820134344193,dropshipping,2025-09-28 17:53:12+08:00,2025-10-07 17:29:00+08:00
,1043462538410253,,,20250928,1 LITER L.A. COLLECTIONS OKADA Hotel Diffuser Scent/ Linen Spray/ Room spray,1857030628-1617524196393-0,1857030628_PH-7870989083,,1,395.0,395.0,395.0,0.0,40.5,0.0,confirmed,,820134344097,dropshipping,2025-09-28 18:32:15+08:00,2025-09-30 21:16:25+08:00
,1035434227388106,,,20250928,1Liter L.A. Collections SHANGRI-LA Hotel Waterbased Diffuser Scents/Linen Spray/ Room Spray,1856947959-1748396661641-0,1856947959_PH-30097934851,,1,395.0,395.0,375.25,19.75,0.0,0.0,confirmed,,820134344194,dropshipping,2025-09-28 18:47:42+08:00,2025-10-05 14:26:20+08:00
,1035472289200689,,,20250928,LA COLLECTIONS MARRIOTT Hotel Waterbased Diffuser Scent,1856986844-1617524415466-0,1856986844_PH-7871040075,"Volume (ml):1000, Scent:marriott",1,350.0,350.0,332.99,17.01,23.86,0.0,confirmed,,820134344000,dropshipping,2025-09-28 22:46:49+08:00,2025-10-03 12:37:21+08:00
,1035472289300689,,,20250928,L.A. Collections Lavender Humidifer / Diffuser / Linen Spray,LAV,3464151195_PH-17808092447,,1,395.0,395.0,375.81,19.19,25.64,0.0,confirmed,,820134344000,dropshipping,2025-09-28 22:46:49+08:00,2025-10-03 12:37:21+08:00
,1035513034064849,,,20250929,1Liter L.A. Collections SHANGRI-LA Hotel Waterbased Diffuser Scents/Linen Spray/ Room Spray,1856947959-1748396661641-0,1856947959_PH-30097934851,,1,395.0,395.0,375.25,19.75,0.0,0.0,confirmed,,MP1381540662,dropshipping,2025-09-29 05:17:47+08:00,2025-10-04 10:15:14+08:00
,1035521253024894,,,20250929,LED 500mL Ultrasonic Diffuser for Essential Oils/ Waterbased Scent with Remote,5175120341-1752677181110-0,5175120341_PH-30683243468,,1,649.0,649.0,624.13,24.87,21.51,0.0,confirmed,,MP1381809252,dropshipping,2025-09-29 06:56:32+08:00,2025-10-04 14:34:11+08:00
,1035521253124894,,,20250929,1L Waterbased Humidifier Scent,4896157465-1736809929399-0,4896157465_PH-28517434716,Scent:Shangrila,1,395.0,395.0,379.87,15.13,27.99,0.0,confirmed,,MP1381809252,dropshipping,2025-09-29 06:56:32+08:00,2025-10-04 14:34:11+08:00
,1035543811761337,,,20250929,1Liter L.A. Collections SHANGRI-LA Hotel Waterbased Diffuser Scents/Linen Spray/ Room Spray,1856947959-1748396661641-0,1856947959_PH-30097934851,,1,395.0,395.0,395.0,0.0,40.5,0.0,confirmed,,MP1381809192,dropshipping,2025-09-29 08:54:48+08:00,2025-10-02 11:59:27+08:00
,1043591909048798,,,20250929,1Liter L.A. Collections SHANGRI-LA Hotel Waterbased Diffuser Scents/Linen Spray/ Room Spray,1856947959-1748396661641-0,1856947959_PH-30097934851,,1,395.0,395.0,395.0,0.0,40.5,0.0,confirmed,,MP1381809112,dropshipping,2025-09-29 09:39:03+08:00,2025-10-01 16:43:43+08:00
,1043596724434353,,,20250929,1Liter L.A. Collections SHANGRI-LA Hotel Waterbased Diffuser Scents/Linen Spray/ Room Spray,1856947959-1748396661641-0,1856947959_PH-30097934851,,1,395.0,395.0,264.65,130.35,0.0,0.0,confirmed,,MP1381809156,dropshipping,2025-09-29 10:03:30+08:00,2025-10-07 17:02:03+08:00
,1043606716716465,,,20250929,1 Liter L.A. Collections Fresh Bamboo Waterbased Scent for  Humidifiers/Diffusers/Linen Spray,3368572353-1738239695642-0,3368572353_PH-28661617725,,1,380.0,380.0,361.0,19.0,0.0,0.0,confirmed,,MP1381809191,dropshipping,2025-09-29 10:44:34+08:00,2025-10-04 16:51:15+08:00
,1043606716816465,,,20250929,1Liter L.A. Collections SHANGRI-LA Hotel Waterbased Diffuser Scents/Linen Spray/ Room Spray,1856947959-1748396661641-0,1856947959_PH-30097934851,,1,395.0,395.0,375.25,19.75,0.0,0.0,confirmed,,MP1381809191,dropshipping,2025-09-29 10:44:34+08:00,2025-10-04 16:51:15+08:00
,1035590268255164,,,20250929,1Liter L.A. Collections SHANGRI-LA Hotel Waterbased Diffuser Scents/Linen Spray/ Room Spray,1856947959-1748396661641-0,1856947959_PH-30097934851,,1,395.0,395.0,375.25,19.75,40.5,0.0,confirmed,,MP1381809193,dropshipping,2025-09-29 12:19:23+08:00,2025-10-04 16:01:02+08:00
,1043651376057569,,,20250929,1Liter L.A. Collections SHANGRI-LA Hotel Waterbased Diffuser Scents/Linen Spray/ Room Spray,1856947959-1748396661641-0,1856947959_PH-30097934851,,1,395.0,395.0,331.05,63.95,40.5,0.0,confirmed,,MP1381985277,dropshipping,2025-09-29 14:46:24+08:00,2025-10-01 23:28:18+08:00
,1043677972610830,,,20250929,1 LITER L.A. COLLECTIONS OKADA Hotel Diffuser Scent/ Linen Spray/ Room spray,1857030628-1617524196393-0,1857030628_PH-7870989083,,1,395.0,395.0,375.25,19.75,40.5,0.0,confirmed,,MP1381985006,dropshipping,2025-09-29 16:26:45+08:00,2025-10-04 12:01:51+08:00
,1043740590017089,,,20250929,1 Liter L.A. Collections Fresh Bamboo Waterbased Scent for  Humidifiers/Diffusers/Linen Spray,3368572353-1738239695642-0,3368572353_PH-28661617725,,1,380.0,380.0,361.0,19.0,40.5,0.0,confirmed,,MP1381985185,dropshipping,2025-09-29 21:26:40+08:00,2025-10-01 09:20:27+08:00
,1043850941854945,,,20250930,LA COLLECTIONS MARRIOTT Hotel Waterbased Diffuser Scent,1856986844-1617524415466-0,1856986844_PH-7871040075,"Volume (ml):1000, Scent:marriott",1,350.0,350.0,350.0,0.0,52.47,0.0,confirmed,,820134611738,dropshipping,2025-09-30 09:55:56+08:00,2025-10-09 09:00:04+08:00
,1043850941954945,,,20250930,1Liter L.A. Collections SHANGRI-LA Hotel Waterbased Diffuser Scents/Linen Spray/ Room Spray,1856947959-1748396661641-0,1856947959_PH-30097934851,,1,395.0,395.0,395.0,0.0,51.61,0.0,confirmed,,820134611738,dropshipping,2025-09-30 09:55:56+08:00,2025-10-09 09:00:04+08:00
,1043850942054945,,,20250930,1 LITER L.A. COLLECTIONS OKADA Hotel Diffuser Scent/ Linen Spray/ Room spray,1857030628-1617524196393-0,1857030628_PH-7870989083,,1,395.0,395.0,395.0,0.0,52.92,0.0,confirmed,,820134611738,dropshipping,2025-09-30 09:55:56+08:00,2025-10-09 09:00:04+08:00
,1035839815648032,,,20250930,(COD)  1 Liter Peppermint Waterbased Humidifier Scent,P,3884388412_PH-20793032962,,1,350.0,350.0,334.4,15.6,40.5,0.0,confirmed,,MP1382215857,dropshipping,2025-09-30 10:00:34+08:00,2025-10-01 15:10:22+08:00
,1043847771700410,,,20250930,1Liter L.A. Collections SHANGRI-LA Hotel Waterbased Diffuser Scents/Linen Spray/ Room Spray,1856947959-1748396661641-0,1856947959_PH-30097934851,,1,395.0,395.0,375.25,19.75,40.5,0.0,confirmed,,MP1382215905,dropshipping,2025-09-30 10:01:57+08:00,2025-10-04 14:12:46+08:00
,1035888809367331,,,20250930,1Liter L.A. Collections SHANGRI-LA Hotel Waterbased Diffuser Scents/Linen Spray/ Room Spray,1856947959-1748396661641-0,1856947959_PH-30097934851,,1,395.0,395.0,395.0,0.0,0.0,0.0,confirmed,,MP1382215856,dropshipping,2025-09-30 13:13:40+08:00,2025-10-04 11:06:48+08:00
,1043991331021289,,,20250930,1Liter L.A. Collections SHANGRI-LA Hotel Waterbased Diffuser Scents/Linen Spray/ Room Spray,1856947959-1748396661641-0,1856947959_PH-30097934851,,1,395.0,395.0,264.65,130.35,0.0,0.0,confirmed,,MP1382364547,dropshipping,2025-09-30 19:15:31+08:00,2025-10-05 14:25:19+08:00
,1044054309070148,,,20250930,1Liter L.A. Collections SHANGRI-LA Hotel Waterbased Diffuser Scents/Linen Spray/ Room Spray,1856947959-1748396661641-0,1856947959_PH-30097934851,,1,395.0,395.0,352.8,42.2,0.0,0.0,confirmed,,MP1382364460,dropshipping,2025-09-30 23:58:47+08:00,2025-10-05 13:18:25+08:00
,1044096782745571,,,20251001,1Liter L.A. Collections SHANGRI-LA Hotel Waterbased Diffuser Scents/Linen Spray/ Room Spray,1856947959-1748396661641-0,1856947959_PH-30097934851,,1,395.0,395.0,395.0,0.0,19.0,0.0,confirmed,,MP1382602205,dropshipping,2025-10-01 08:27:49+08:00,2025-10-10 08:16:35+08:00
,1044096782845571,,,20251001,1Liter L.A. Collections SHANGRI-LA Hotel Waterbased Diffuser Scents/Linen Spray/ Room Spray,1856947959-1748396661641-0,1856947959_PH-30097934851,,1,395.0,395.0,395.0,0.0,19.0,0.0,confirmed,,MP1382602205,dropshipping,2025-10-01 08:27:49+08:00,2025-10-10 08:16:35+08:00
,1044096782945571,,,20251001,1Liter L.A. Collections SHANGRI-LA Hotel Waterbased Diffuser Scents/Linen Spray/ Room Spray,1856947959-1748396661641-0,1856947959_PH-30097934851,,1,395.0,395.0,395.0,0.0,19.0,0.0,confirmed,,MP1382602205,dropshipping,2025-10-01 08:27:49+08:00,2025-10-10 08:16:35+08:00
,1044096783045571,,,20251001,1Liter L.A. Collections SHANGRI-LA Hotel Waterbased Diffuser Scents/Linen Spray/ Room Spray,1856947959-1748396661641-0,1856947959_PH-30097934851,,1,395.0,395.0,395.0,0.0,19.0,0.0,confirmed,,MP1382602205,dropshipping,2025-10-01 08:27:49+08:00,2025-10-10 08:16:35+08:00
,1044096783145571,,,20251001,1Liter L.A. Collections SHANGRI-LA Hotel Waterbased Diffuser Scents/Linen Spray/ Room Spray,1856947959-1748396661641-0,1856947959_PH-30097934851,,1,395.0,395.0,395.0,0.0,19.0,0.0,confirmed,,MP1382602205,dropshipping,2025-10-01 08:27:49+08:00,2025-10-10 08:16:35+08:00
,1036096617020378,,,20251001,1L Waterbased Humidifier Scent,4896157465-1736809929399-0,4896157465_PH-28517434716,Scent:Shangrila,1,395.0,395.0,366.19,28.81,0.0,0.0,confirmed,,MP1382602402,dropshipping,2025-10-01 09:09:15+08:00,2025-10-03 14:58:04+08:00
,1036135491926827,,,20251001,1Liter L.A. Collections SHANGRI-LA Hotel Waterbased Diffuser Scents/Linen Spray/ Room Spray,1856947959-1748396661641-0,1856947959_PH-30097934851,,1,395.0,395.0,375.25,19.75,40.5,0.0,confirmed,,MP1382602404,dropshipping,2025-10-01 12:36:21+08:00,2025-10-06 13:17:58+08:00
,1044172129227113,,,20251001,1 GALLON Humidifier / Diffuser Scent by L.A. Collections,4337079607-1707399140728-0,4337079607_PH-24334600882,Scent:Shangrila,1,1280.0,1280.0,1250.0,30.0,39.0,0.0,confirmed,,MP1382602403,dropshipping,2025-10-01 13:35:18+08:00,2025-10-07 09:21:52+08:00
,1036180462961570,,,20251001,L.A. Collections Lavender Humidifer / Diffuser / Linen Spray,LAV,3464151195_PH-17808092447,,1,395.0,395.0,395.0,0.0,40.5,0.0,confirmed,,MP1382753411,dropshipping,2025-10-01 16:24:37+08:00,2025-10-06 14:24:22+08:00
,1036195278786524,,,20251001,1Liter L.A. Collections SHANGRI-LA Hotel Waterbased Diffuser Scents/Linen Spray/ Room Spray,1856947959-1748396661641-0,1856947959_PH-30097934851,,1,395.0,395.0,395.0,0.0,24.75,0.0,confirmed,,MP1382753357,dropshipping,2025-10-01 17:50:09+08:00,2025-10-06 17:35:09+08:00
,1036195278886524,,,20251001,1Liter L.A. Collections SHANGRI-LA Hotel Waterbased Diffuser Scents/Linen Spray/ Room Spray,1856947959-1748396661641-0,1856947959_PH-30097934851,,1,395.0,395.0,395.0,0.0,24.75,0.0,confirmed,,MP1382753357,dropshipping,2025-10-01 17:50:09+08:00,2025-10-06 17:35:09+08:00
,1044276131026035,,,20251001,1Liter L.A. Collections SHANGRI-LA Hotel Waterbased Diffuser Scents/Linen Spray/ Room Spray,1856947959-1748396661641-0,1856947959_PH-30097934851,,1,395.0,395.0,395.0,0.0,24.75,0.0,confirmed,,MP1382753449,dropshipping,2025-10-01 21:37:02+08:00,2025-10-06 11:25:12+08:00
,1044276131126035,,,20251001,1Liter L.A. Collections SHANGRI-LA Hotel Waterbased Diffuser Scents/Linen Spray/ Room Spray,1856947959-1748396661641-0,1856947959_PH-30097934851,,1,395.0,395.0,395.0,0.0,24.75,0.0,confirmed,,MP1382753449,dropshipping,2025-10-01 21:37:02+08:00,2025-10-06 11:25:12+08:00
,1036267821703570,,,20251001,1Liter L.A. Collections SHANGRI-LA Hotel Waterbased Diffuser Scents/Linen Spray/ Room Spray,1856947959-1748396661641-0,1856947959_PH-30097934851,,1,395.0,395.0,345.47,49.53,40.5,0.0,confirmed,,MP1382753448,dropshipping,2025-10-01 23:38:19+08:00,2025-10-06 19:01:13+08:00
,1044299372678696,,,20251002,1Liter L.A. Collections SHANGRI-LA Hotel Waterbased Diffuser Scents/Linen Spray/ Room Spray,1856947959-1748396661641-0,1856947959_PH-30097934851,,1,395.0,395.0,395.0,0.0,40.5,0.0,confirmed,,MP1382753358,dropshipping,2025-10-02 00:28:06+08:00,2025-10-07 12:23:27+08:00
,1044315922643171,,,20251002,1Liter L.A. Collections SHANGRI-LA Hotel Waterbased Diffuser Scents/Linen Spray/ Room Spray,1856947959-1748396661641-0,1856947959_PH-30097934851,,1,395.0,395.0,360.25,34.75,0.0,0.0,confirmed,,MP1382753222,dropshipping,2025-10-02 03:10:18+08:00,2025-10-05 19:19:46+08:00
,1044349353382957,,,20251002,1Liter L.A. Collections SHANGRI-LA Hotel Waterbased Diffuser Scents/Linen Spray/ Room Spray,1856947959-1748396661641-0,1856947959_PH-30097934851,,1,395.0,395.0,395.0,0.0,40.5,0.0,confirmed,,MP1382980605,dropshipping,2025-10-02 08:50:22+08:00,2025-10-06 15:56:59+08:00
,1036355299349427,,,20251002,1Liter L.A. Collections SHANGRI-LA Hotel Waterbased Diffuser Scents/Linen Spray/ Room Spray,1856947959-1748396661641-0,1856947959_PH-30097934851,,1,395.0,395.0,364.74,30.26,0.0,0.0,confirmed,,820134826396,dropshipping,2025-10-02 11:59:15+08:00,2025-10-06 15:25:47+08:00
,1036404048188598,,,20251002,1Liter L.A. Collections SHANGRI-LA Hotel Waterbased Diffuser Scents/Linen Spray/ Room Spray,1856947959-1748396661641-0,1856947959_PH-30097934851,,1,395.0,395.0,367.65,27.35,0.0,0.0,confirmed,,MP1383134843,dropshipping,2025-10-02 15:26:50+08:00,2025-10-09 16:15:47+08:00
,1036404048288598,,,20251002,1Liter L.A. Collections SHANGRI-LA Hotel Waterbased Diffuser Scents/Linen Spray/ Room Spray,1856947959-1748396661641-0,1856947959_PH-30097934851,,1,395.0,395.0,367.66,27.34,0.0,0.0,confirmed,,MP1383134843,dropshipping,2025-10-02 15:26:50+08:00,2025-10-09 16:15:47+08:00
,1036404048388598,,,20251002,1Liter L.A. Collections SHANGRI-LA Hotel Waterbased Diffuser Scents/Linen Spray/ Room Spray,1856947959-1748396661641-0,1856947959_PH-30097934851,,1,395.0,395.0,367.65,27.35,0.0,0.0,confirmed,,MP1383134843,dropshipping,2025-10-02 15:26:50+08:00,2025-10-09 16:15:47+08:00
,1036427210019901,,,20251002,LA COLLECTIONS MARRIOTT Hotel Waterbased Diffuser Scent,1856986844-1617524415466-0,1856986844_PH-7871040075,"Volume (ml):1000, Scent:marriott",1,350.0,350.0,350.0,0.0,16.08,0.0,confirmed,,820134869204,dropshipping,2025-10-02 16:49:11+08:00,2025-10-08 11:45:30+08:00
,1036427210119901,,,20251002,1L Waterbased Humidifier Scent,4896157465-1736809929399-2,4896157465_PH-28517434718,Scent:Bamboo,1,395.0,395.0,395.0,0.0,17.11,0.0,confirmed,,820134869204,dropshipping,2025-10-02 16:49:11+08:00,2025-10-08 11:45:30+08:00
,1036427210219901,,,20251002,1Liter L.A. Collections SHANGRI-LA Hotel Waterbased Diffuser Scents/Linen Spray/ Room Spray,1856947959-1748396661641-0,1856947959_PH-30097934851,,1,395.0,395.0,395.0,0.0,15.81,0.0,confirmed,,820134869204,dropshipping,2025-10-02 16:49:11+08:00,2025-10-08 11:45:30+08:00
,1036434300047913,,,20251002,1Liter L.A. Collections SHANGRI-LA Hotel Waterbased Diffuser Scents/Linen Spray/ Room Spray,1856947959-1748396661641-0,1856947959_PH-30097934851,,1,395.0,395.0,365.25,29.75,61.2,0.0,confirmed,,820134869180,dropshipping,2025-10-02 18:24:37+08:00,2025-10-08 08:45:15+08:00
,1044522738093507,,,20251002,1Liter L.A. Collections SHANGRI-LA Hotel Waterbased Diffuser Scents/Linen Spray/ Room Spray,1856947959-1748396661641-0,1856947959_PH-30097934851,,1,395.0,395.0,375.25,19.75,0.0,0.0,confirmed,,MP1383134660,dropshipping,2025-10-02 22:42:07+08:00,2025-10-07 21:22:11+08:00
,1044608198072798,,,20251003,1Liter L.A. Collections SHANGRI-LA Hotel Waterbased Diffuser Scents/Linen Spray/ Room Spray,1856947959-1748396661641-0,1856947959_PH-30097934851,,1,395.0,395.0,375.25,19.75,0.0,0.0,confirmed,,MP1383360198,dropshipping,2025-10-03 11:32:20+08:00,2025-10-08 16:52:34+08:00
,1036689234616135,,,20251003,1 Liter L.A. Collections Fresh Bamboo Waterbased Scent for  Humidifiers/Diffusers/Linen Spray,3368572353-1738239695642-0,3368572353_PH-28661617725,,1,380.0,380.0,361.0,19.0,40.5,0.0,canceled,I changed my mind,,dropshipping,2025-10-03 20:00:31+08:00,2025-10-05 04:57:22+08:00
,1036724819374161,,,20251003,1 Liter L.A. Collections Fresh Bamboo Waterbased Scent for  Humidifiers/Diffusers/Linen Spray,3368572353-1738239695642-0,3368572353_PH-28661617725,,1,380.0,380.0,335.75,44.25,0.0,0.0,confirmed,,MP1383498532,dropshipping,2025-10-03 22:51:41+08:00,2025-10-09 14:28:50+08:00
,1036724819474161,,,20251003,Green Tea Scent for Humidifier,4338109406-1707704430453-1,4338109406_PH-24338704397,Size:Large,1,350.0,350.0,309.25,40.75,0.0,0.0,confirmed,,MP1383498532,dropshipping,2025-10-03 22:51:41+08:00,2025-10-09 14:28:50+08:00
,1036724819574161,,,20251003,Melon Cucumber Waterbased Humidifier &  Diffuser Scent by LA Collections,3583313195-1676440088441-0,3583313195_PH-18525646548,,1,395.0,395.0,349.0,46.0,0.0,0.0,confirmed,,MP1383498532,dropshipping,2025-10-03 22:51:41+08:00,2025-10-09 14:28:50+08:00
,1036724819674161,,,20251003,L.A. Collections Lavender Humidifer / Diffuser / Linen Spray,LAV,3464151195_PH-17808092447,,1,395.0,395.0,349.0,46.0,0.0,0.0,confirmed,,MP1383498532,dropshipping,2025-10-03 22:51:41+08:00,2025-10-09 14:28:50+08:00
,1036724819774161,,,20251003,L.A. Collections Lavender Humidifer / Diffuser / Linen Spray,LAV,3464151195_PH-17808092447,,1,395.0,395.0,349.01,45.99,0.0,0.0,confirmed,,MP1383498532,dropshipping,2025-10-03 22:51:41+08:00,2025-10-09 14:28:50+08:00
,1036724819874161,,,20251003,L.A. Collections Lavender Humidifer / Diffuser / Linen Spray,LAV,3464151195_PH-17808092447,,1,395.0,395.0,349.0,46.0,0.0,0.0,confirmed,,MP1383498532,dropshipping,2025-10-03 22:51:41+08:00,2025-10-09 14:28:50+08:00
,1036724819974161,,,20251003,LA COLLECTIONS MARRIOTT Hotel Waterbased Diffuser Scent,1856986844-1617524415466-0,1856986844_PH-7871040075,"Volume (ml):1000, Scent:marriott",1,350.0,350.0,309.24,40.76,0.0,0.0,confirmed,,MP1383498532,dropshipping,2025-10-03 22:51:41+08:00,2025-10-09 14:28:50+08:00
,1036724820074161,,,20251003,LA COLLECTIONS MARRIOTT Hotel Waterbased Diffuser Scent,1856986844-1617524415466-0,1856986844_PH-7871040075,"Volume (ml):1000, Scent:marriott",1,350.0,350.0,309.25,40.75,0.0,0.0,confirmed,,MP1383498532,dropshipping,2025-10-03 22:51:41+08:00,2025-10-09 14:28:50+08:00
,1044764135124161,,,20251003,1L Solaire Humidifier Scent/ Diffuser Scent/ Linen Spray Scent LA Collections,3382826683-1666063218249-0,3382826683_PH-17251724455,,1,395.0,395.0,375.25,19.75,0.0,0.0,confirmed,,MP1383498402,dropshipping,2025-10-03 23:36:22+08:00,2025-10-09 17:51:09+08:00
,1044832102511241,,,20251004,1Liter L.A. Collections SHANGRI-LA Hotel Waterbased Diffuser Scents/Linen Spray/ Room Spray,1856947959-1748396661641-0,1856947959_PH-30097934851,,1,395.0,395.0,375.25,19.75,40.5,0.0,confirmed,,MP1383716216,dropshipping,2025-10-04 09:50:11+08:00,2025-10-10 11:26:19+08:00
,1045039948322106,,,20251005,1Liter L.A. Collections SHANGRI-LA Hotel Waterbased Diffuser Scents/Linen Spray/ Room Spray,1856947959-1748396661641-0,1856947959_PH-30097934851,,1,395.0,395.0,395.0,0.0,94.0,0.0,shipped,,P4043E68E28AV,dropshipping,2025-10-05 08:47:22+08:00,2025-10-10 09:52:08+08:00
,1045039948422106,,,20251005,1Liter L.A. Collections SHANGRI-LA Hotel Waterbased Diffuser Scents/Linen Spray/ Room Spray,1856947959-1748396661641-0,1856947959_PH-30097934851,,1,395.0,395.0,395.0,0.0,94.0,0.0,shipped,,P4043E68E28AV,dropshipping,2025-10-05 08:47:22+08:00,2025-10-10 09:52:08+08:00
,1037037272121891,,,20251005,1Liter L.A. Collections SHANGRI-LA Hotel Waterbased Diffuser Scents/Linen Spray/ Room Spray,1856947959-1748396661641-0,1856947959_PH-30097934851,,1,395.0,395.0,395.0,0.0,40.5,0.0,confirmed,,P1919E68E27AB,dropshipping,2025-10-05 13:23:02+08:00,2025-10-10 13:31:26+08:00
,1045122719876784,,,20251005,1Liter L.A. Collections SHANGRI-LA Hotel Waterbased Diffuser Scents/Linen Spray/ Room Spray,1856947959-1748396661641-0,1856947959_PH-30097934851,,1,395.0,395.0,395.0,0.0,61.2,0.0,delivered,,MP1384105980,dropshipping,2025-10-05 15:32:59+08:00,2025-10-09 13:46:28+08:00
,1045187300313706,,,20251005,1Liter L.A. Collections SHANGRI-LA Hotel Waterbased Diffuser Scents/Linen Spray/ Room Spray,1856947959-1748396661641-0,1856947959_PH-30097934851,,1,395.0,395.0,395.0,0.0,24.75,0.0,delivered,,MP1384106079,dropshipping,2025-10-05 20:49:07+08:00,2025-10-08 15:22:43+08:00
,1045187300413706,,,20251005,1Liter L.A. Collections SHANGRI-LA Hotel Waterbased Diffuser Scents/Linen Spray/ Room Spray,1856947959-1748396661641-0,1856947959_PH-30097934851,,1,395.0,395.0,395.0,0.0,24.75,0.0,delivered,,MP1384106079,dropshipping,2025-10-05 20:49:07+08:00,2025-10-08 15:22:43+08:00
,1045236731801321,,,20251006,1Liter L.A. Collections SHANGRI-LA Hotel Waterbased Diffuser Scents/Linen Spray/ Room Spray,1856947959-1748396661641-0,1856947959_PH-30097934851,,1,395.0,395.0,395.0,0.0,40.5,0.0,delivered,,MP1384105981,dropshipping,2025-10-06 05:34:55+08:00,2025-10-08 13:01:09+08:00
,1037189868160794,,,20251006,1 Liter Waterbased White Tea Scent for Humidifier and Diffuser,WT,4435102730_PH-25090520619,,1,388.0,388.0,367.6,20.4,0.0,0.0,delivered,,MP1384408546,dropshipping,2025-10-06 06:55:53+08:00,2025-10-08 10:13:16+08:00
,1045309769261487,,,20251006,1Liter L.A. Collections SHANGRI-LA Hotel Waterbased Diffuser Scents/Linen Spray/ Room Spray,1856947959-1748396661641-0,1856947959_PH-30097934851,,1,395.0,395.0,395.0,0.0,40.5,0.0,shipped,,MP1384408642,dropshipping,2025-10-06 12:52:08+08:00,2025-10-10 15:33:41+08:00
,1037258295711611,,,20251006,1Liter L.A. Collections SHANGRI-LA Hotel Waterbased Diffuser Scents/Linen Spray/ Room Spray,1856947959-1748396661641-0,1856947959_PH-30097934851,,1,395.0,395.0,376.2,18.8,0.0,0.0,delivered,,MP1384408496,dropshipping,2025-10-06 13:21:50+08:00,2025-10-08 15:21:39+08:00
,1037275012813687,,,20251006,1Liter L.A. Collections SHANGRI-LA Hotel Waterbased Diffuser Scents/Linen Spray/ Room Spray,1856947959-1748396661641-0,1856947959_PH-30097934851,,1,395.0,395.0,360.25,34.75,0.0,0.0,shipped_back_success,Recipient rejected at doorstep,MP1384408418,dropshipping,2025-10-06 13:43:13+08:00,2025-10-09 14:43:56+08:00
,1037297876446588,,,20251006,1Liter L.A. Collections SHANGRI-LA Hotel Waterbased Diffuser Scents/Linen Spray/ Room Spray,1856947959-1748396661641-0,1856947959_PH-30097934851,,1,395.0,395.0,360.25,34.75,40.5,0.0,confirmed,,MP1384552765,dropshipping,2025-10-06 15:58:14+08:00,2025-10-09 00:00:51+08:00
,1045434305084135,,,20251006,Melon Cucumber Waterbased Humidifier &  Diffuser Scent by LA Collections,3583313195-1676440088441-0,3583313195_PH-18525646548,,1,395.0,395.0,383.14,11.86,24.89,0.0,delivered,,MP1384553081,dropshipping,2025-10-06 22:29:52+08:00,2025-10-08 15:32:01+08:00
,1045434305184135,,,20251006,Melon Cucumber Waterbased Humidifier &  Diffuser Scent by LA Collections,3583313195-1676440088441-0,3583313195_PH-18525646548,,1,395.0,395.0,383.14,11.86,24.89,0.0,delivered,,MP1384553081,dropshipping,2025-10-06 22:29:52+08:00,2025-10-08 15:32:01+08:00
,1045434305284135,,,20251006,L.A. Collections Lavender Humidifer / Diffuser / Linen Spray,LAV,3464151195_PH-17808092447,,1,395.0,395.0,383.14,11.86,21.74,0.0,delivered,,MP1384553081,dropshipping,2025-10-06 22:29:52+08:00,2025-10-08 15:32:01+08:00
,1045434305384135,,,20251006,L.A. Collections Lavender Humidifer / Diffuser / Linen Spray,LAV,3464151195_PH-17808092447,,1,395.0,395.0,383.14,11.86,21.74,0.0,delivered,,MP1384553081,dropshipping,2025-10-06 22:29:52+08:00,2025-10-08 15:32:01+08:00
,1045434305484135,,,20251006,L.A. Collections Lavender Humidifer / Diffuser / Linen Spray,LAV,3464151195_PH-17808092447,,1,395.0,395.0,383.14,11.86,21.74,0.0,delivered,,MP1384553081,dropshipping,2025-10-06 22:29:52+08:00,2025-10-08 15:32:01+08:00
,1045441936418928,,,20251006,1Liter L.A. Collections SHANGRI-LA Hotel Waterbased Diffuser Scents/Linen Spray/ Room Spray,1856947959-1748396661641-0,1856947959_PH-30097934851,,1,395.0,395.0,375.25,19.75,40.5,0.0,delivered,,MP1384553128,dropshipping,2025-10-06 23:50:59+08:00,2025-10-08 15:00:10+08:00
,1037438498229414,,,20251007,10mL Hanging Car Diffuser by LA Collections,3730272243-1681483587441-0,3730272243_PH-19667622955,Variation3:Shangrila,1,180.0,180.0,120.0,60.0,0.0,0.0,delivered,,MP1384762296,dropshipping,2025-10-07 08:45:40+08:00,2025-10-08 15:55:10+08:00
,1037438498329414,,,20251007,10mL Hanging Car Diffuser by LA Collections,3730272243-1681483587441-0,3730272243_PH-19667622955,Variation3:Shangrila,1,180.0,180.0,120.0,60.0,0.0,0.0,delivered,,MP1384762296,dropshipping,2025-10-07 08:45:40+08:00,2025-10-08 15:55:10+08:00
,1037456473764182,,,20251007,1Liter L.A. Collections SHANGRI-LA Hotel Waterbased Diffuser Scents/Linen Spray/ Room Spray,1856947959-1748396661641-0,1856947959_PH-30097934851,,1,395.0,395.0,340.9,54.1,0.0,0.0,confirmed,,MP1384762345,dropshipping,2025-10-07 10:05:53+08:00,2025-10-08 19:37:37+08:00
,1037462244632722,,,20251007,1Liter L.A. Collections SHANGRI-LA Hotel Waterbased Diffuser Scents/Linen Spray/ Room Spray,1856947959-1748396661641-0,1856947959_PH-30097934851,,1,395.0,395.0,352.75,42.25,0.0,0.0,delivered,,MP1384762346,dropshipping,2025-10-07 10:11:00+08:00,2025-10-09 12:07:47+08:00
,1037462244732722,,,20251007,1Liter L.A. Collections SHANGRI-LA Hotel Waterbased Diffuser Scents/Linen Spray/ Room Spray,1856947959-1748396661641-0,1856947959_PH-30097934851,,1,395.0,395.0,352.75,42.25,0.0,0.0,delivered,,MP1384762346,dropshipping,2025-10-07 10:11:00+08:00,2025-10-09 12:07:47+08:00
,1037588093406182,,,20251007,1Liter L.A. Collections SHANGRI-LA Hotel Waterbased Diffuser Scents/Linen Spray/ Room Spray,1856947959-1748396661641-0,1856947959_PH-30097934851,,1,395.0,395.0,388.65,6.35,40.5,0.0,shipped,,MP1384959327,dropshipping,2025-10-07 21:26:10+08:00,2025-10-10 10:51:51+08:00
,1045830776838205,,,20251008,1Liter L.A. Collections SHANGRI-LA Hotel Waterbased Diffuser Scents/Linen Spray/ Room Spray,1856947959-1748396661641-0,1856947959_PH-30097934851,,1,395.0,395.0,334.4,60.6,0.0,0.0,delivered,,MP1385280135,dropshipping,2025-10-08 20:25:07+08:00,2025-10-10 10:58:40+08:00
,1037839223413687,,,20251008,1Liter L.A. Collections SHANGRI-LA Hotel Waterbased Diffuser Scents/Linen Spray/ Room Spray,1856947959-1748396661641-0,1856947959_PH-30097934851,,1,395.0,395.0,355.25,39.75,0.0,0.0,shipped,,MP1385280043,dropshipping,2025-10-08 23:17:51+08:00,2025-10-10 14:17:37+08:00
,1037884842612855,,,20251009,1Liter L.A. Collections SHANGRI-LA Hotel Waterbased Diffuser Scents/Linen Spray/ Room Spray,1856947959-1748396661641-0,1856947959_PH-30097934851,,1,395.0,395.0,395.0,0.0,79.0,0.0,shipped,,820135007701,dropshipping,2025-10-09 08:37:41+08:00,2025-10-10 03:41:27+08:00
,1037905826436871,,,20251009,1Liter L.A. Collections SHANGRI-LA Hotel Waterbased Diffuser Scents/Linen Spray/ Room Spray,1856947959-1748396661641-0,1856947959_PH-30097934851,,1,395.0,395.0,377.89,17.11,24.75,0.0,canceled,Change payment method,,dropshipping,2025-10-09 10:04:28+08:00,2025-10-09 12:15:15+08:00
,1037905826536871,,,20251009,1Liter L.A. Collections SHANGRI-LA Hotel Waterbased Diffuser Scents/Linen Spray/ Room Spray,1856947959-1748396661641-0,1856947959_PH-30097934851,,1,395.0,395.0,377.89,17.11,24.75,0.0,canceled,Change payment method,,dropshipping,2025-10-09 10:04:28+08:00,2025-10-09 12:15:15+08:00
,1037949482103506,,,20251009,1 GALLON Humidifier / Diffuser Scent by L.A. Collections,4337079607-1707399140729-9,4337079607_PH-24334600891,Scent:Cherry Blossom,1,1280.0,1280.0,1216.0,64.0,0.0,0.0,shipped,,MP1385746732,dropshipping,2025-10-09 14:32:19+08:00,2025-10-10 14:16:23+08:00
,1038154844371378,,,20251010,1 Liter L.A. Collections Fresh Bamboo Waterbased Scent for  Humidifiers/Diffusers/Linen Spray,3368572353-1738239695642-0,3368572353_PH-28661617725,,1,380.0,380.0,311.82,68.18,0.0,0.0,shipped,,MP1385746778,dropshipping,2025-10-10 01:30:53+08:00,2025-10-10 14:16:23+08:00
,1038151471184711,,,20251010,1Liter L.A. Collections SHANGRI-LA Hotel Waterbased Diffuser Scents/Linen Spray/ Room Spray,1856947959-1748396661641-0,1856947959_PH-30097934851,,1,395.0,395.0,395.0,0.0,0.0,0.0,shipped,,MP1385746513,dropshipping,2025-10-10 01:48:19+08:00,2025-10-10 14:16:23+08:00
,1038254233850184,,,20251010,1Liter L.A. Collections SHANGRI-LA Hotel Waterbased Diffuser Scents/Linen Spray/ Room Spray,1856947959-1748396661641-0,1856947959_PH-30097934851,,1,395.0,395.0,355.0,40.0,40.5,0.0,ready_to_ship,,MP1386139141,dropshipping,2025-10-10 09:14:15+08:00,2025-10-10 13:58:57+08:00
,1046340570625931,,,20251010,1Liter L.A. Collections SHANGRI-LA Hotel Waterbased Diffuser Scents/Linen Spray/ Room Spray,1856947959-1748396661641-0,1856947959_PH-30097934851,,1,395.0,395.0,366.58,28.42,95.0,0.0,ready_to_ship,,P2812E9RV4JAB,dropshipping,2025-10-10 11:13:08+08:00,2025-10-10 13:58:47+08:00
,1038325891822905,,,20251010,1 LITER L.A. COLLECTIONS OKADA Hotel Diffuser Scent/ Linen Spray/ Room spray,1857030628-1617524196393-0,1857030628_PH-7870989083,,1,395.0,395.0,395.0,0.0,61.2,0.0,ready_to_ship,,MP1386139380,dropshipping,2025-10-10 13:09:22+08:00,2025-10-10 13:58:47+08:00
,1046391978188669,,,20251010,L.A. Collections Lavender Humidifer / Diffuser / Linen Spray,LAV,3464151195_PH-17808092447,,1,395.0,395.0,395.0,0.0,61.2,0.0,ready_to_ship,,MP1386139196,dropshipping,2025-10-10 13:26:55+08:00,2025-10-10 13:58:57+08:00
,1046450957116569,,,20251010,1Liter L.A. Collections SHANGRI-LA Hotel Waterbased Diffuser Scents/Linen Spray/ Room Spray,1856947959-1748396661641-0,1856947959_PH-30097934851,,1,395.0,395.0,395.0,0.0,40.5,0.0,pending,,,dropshipping,2025-10-10 15:33:39+08:00,2025-10-10 15:48:04+08:00
,1038376485152588,,,20251010,1Liter L.A. Collections SHANGRI-LA Hotel Waterbased Diffuser Scents/Linen Spray/ Room Spray,1856947959-1748396661641-0,1856947959_PH-30097934851,,1,395.0,395.0,395.0,0.0,0.0,0.0,pending,,,dropshipping,2025-10-10 15:39:33+08:00,2025-10-10 15:39:35+08:00
